date,bist100_close,bist100_return
2020-01-02,1159.31494140625,
2020-01-03,1136.833984375,-0.019391587417980305
2020-01-06,1114.12109375,-0.01997907428628365
2020-01-07,1125.9930419921875,0.010655886787160673
2020-01-08,1128.7550048828125,0.0024529129289629914
2020-01-09,1179.8988037109375,0.045309919873564475
2020-01-10,1186.630615234375,0.0057054143137234
2020-01-13,1202.483642578125,0.013359698578667478
2020-01-14,1214.2265625,0.009765554811787869
2020-01-15,1209.3814697265625,-0.003990270780653837
2020-01-16,1210.0025634765625,0.0005135631440924548
2020-01-17,1214.7415771484375,0.0039165319272207455
2020-01-20,1226.1915283203125,0.009425832940330725
2020-01-21,1235.554443359375,0.007635768819809208
2020-01-22,1227.4644775390625,-0.0065476401010031715
2020-01-23,1225.3955078125,-0.001685563830499226
2020-01-24,1221.4114990234375,-0.0032512023780587596
2020-01-27,1201.4906005859375,-0.016309735460512287
2020-01-28,1198.0096435546875,-0.002897198720949179
2020-01-29,1196.888671875,-0.0009356950386153473
2020-01-30,1198.4906005859375,0.0013384107883884777
2020-01-31,1191.3946533203125,-0.0059207366850903
2020-02-03,1192.421630859375,0.0008619960952489514
2020-02-04,1221.3555908203125,0.024264873440852375
2020-02-05,1223.2015380859375,0.0015113921608900238
2020-02-06,1222.83251953125,-0.00030168254633244906
2020-02-07,1210.14453125,-0.010375900279552375
2020-02-10,1183.4088134765625,-0.02209299557452138
2020-02-11,1197.9716796875,0.012305862560001879
2020-02-12,1200.480712890625,0.0020944010995147533
2020-02-13,1205.398681640625,0.004096666191460985
2020-02-14,1201.5076904296875,-0.003227970355535459
2020-02-17,1207.91259765625,0.005330725119430557
2020-02-18,1195.734619140625,-0.010081837493254309
2020-02-19,1191.9547119140625,-0.0031611589779670934
2020-02-20,1156.4139404296875,-0.0298172163163003
2020-02-21,1168.2877197265625,0.010267758699331386
2020-02-24,1147.8858642578125,-0.017463040246220363
2020-02-25,1143.638916015625,-0.0036998001059395103
2020-02-26,1151.7069091796875,0.007054668262051589
2020-02-27,1104.1781005859375,-0.041268145753855734
2020-02-28,1059.931396484375,-0.040072071777263796
2020-03-02,1073.09326171875,0.012417657669195226
2020-03-03,1112.067138671875,0.036319188968441996
2020-03-04,1107.84814453125,-0.003793830420763644
2020-03-05,1118.14501953125,0.00929448232668828
2020-03-06,1095.9991455078125,-0.019805904991395007
2020-03-09,1035.2344970703125,-0.05544224070480064
2020-03-10,1010.61962890625,-0.02377709420785523
2020-03-11,1009.6576538085938,-0.0009518666273060639
2020-03-12,936.3900756835938,-0.07256675354128472
2020-03-13,956.0469360351562,0.020992170743813654
2020-03-16,878.8783569335938,-0.08071630815699282
2020-03-17,867.7723999023438,-0.012636512144864609
2020-03-18,855.761474609375,-0.013841100839713794
2020-03-19,851.949462890625,-0.00445452597698448
2020-03-20,857.9534301757812,0.00704732797739549
2020-03-23,842.45751953125,-0.018061482243105442
2020-03-24,892.8572387695312,0.05982464168202095
2020-03-25,890.6253051757812,-0.0024997653564705624
2020-03-26,915.2711181640625,0.027672482294242684
2020-03-27,881.2453002929688,-0.03717567089776197
2020-03-30,880.5902709960938,-0.0007432996200459341
2020-03-31,896.4322509765625,0.01799018283786946
2020-04-01,890.8463134765625,-0.006231299123737211
2020-04-02,895.104248046875,0.004779651109174665
2020-04-03,895.521240234375,0.0004658587962349525
2020-04-06,920.7061157226562,0.028123147008428218
2020-04-07,923.8131103515625,0.0033745780285900917
2020-04-08,932.2470703125,0.009129508843761514
2020-04-09,958.3389282226562,0.027988136129416752
2020-04-10,964.7048950195312,0.0066427091808545224
2020-04-13,963.9808959960938,-0.0007504875606781924
2020-04-14,985.4927368164062,0.022315629811402005
2020-04-15,958.5439453125,-0.027345499867369116
2020-04-16,962.4859008789062,0.0041124411516897386
2020-04-17,981.7927856445312,0.020059394893987115
2020-04-20,989.4537353515625,0.007803020982683151
2020-04-21,976.184814453125,-0.013410349998550397
2020-04-22,981.704833984375,0.005654686950177901
2020-04-24,987.5847778320312,0.0059895231683761985
2020-04-27,1012.6686401367188,0.025399199003200756
2020-04-28,1007.0696411132812,-0.005528954686185972
2020-04-29,1015.9476318359375,0.008815667119944193
2020-04-30,1011.0956420898438,-0.004775826621423063
2020-05-04,988.416748046875,-0.02243001858468452
2020-05-05,987.3697509765625,-0.0010592668248300408
2020-05-06,985.7097778320312,-0.0016812072102567743
2020-05-07,983.9827270507812,-0.00175208851539288
2020-05-08,978.4468383789062,-0.005626001879593279
2020-05-11,977.9168090820312,-0.0005417047468344593
2020-05-12,996.1536865234375,0.018648700249385364
2020-05-13,1001.585693359375,0.005452980709126365
2020-05-14,991.9247436523438,-0.009645654656495584
2020-05-15,997.6766967773438,0.005798779758049877
2020-05-18,1019.8245849609375,0.02219946427047459
2020-05-20,1021.569580078125,0.0017110737894736605
2020-05-21,1026.4835205078125,0.004810186721996734
2020-05-22,1030.237548828125,0.003657173491158794
2020-05-27,1049.5294189453125,0.01872565229167944
2020-05-28,1053.5924072265625,0.0038712476352811276
2020-05-29,1055.1993408203125,0.001525194736340163
2020-06-01,1072.65625,0.016543707434574895
2020-06-02,1080.96728515625,0.007748088128186392
2020-06-03,1091.1072998046875,0.009380500952877346
2020-06-04,1095.3631591796875,0.003900495740209786
2020-06-05,1100.212158203125,0.004426841438659457
2020-06-08,1096.3651123046875,-0.0034966400523336327
2020-06-09,1092.3592529296875,-0.003653763997085946
2020-06-10,1097.7830810546875,0.00496524207622473
2020-06-11,1091.5482177734375,-0.005679503891843463
2020-06-12,1098.34912109375,0.006230511130497884
2020-06-15,1095.55419921875,-0.0025446570870077956
2020-06-16,1109.39111328125,0.012630058898379648
2020-06-17,1109.3941650390625,2.750840326637416e-06
2020-06-18,1124.9400634765625,0.014012962144029917
2020-06-19,1136.113037109375,0.009932061267587056
2020-06-22,1151.8948974609375,0.013891100476864926
2020-06-23,1153.3829345703125,0.001291816738363094
2020-06-24,1144.48291015625,-0.007716452313713318
2020-06-25,1141.3839111328125,-0.0027077722139288163
2020-06-26,1146.6778564453125,0.004638181124566376
2020-06-29,1158.4239501953125,0.010243586447559627
2020-06-30,1165.2418212890625,0.0058854714568017386
2020-07-01,1153.1439208984375,-0.010382308778826288
2020-07-02,1169.07177734375,0.013812548595757868
2020-07-03,1157.4788818359375,-0.009916324842049296
2020-07-06,1184.8458251953125,0.023643578979140267
2020-07-07,1193.3826904296875,0.007205043097457731
2020-07-08,1187.11865234375,-0.00524897682543235
2020-07-09,1157.929931640625,-0.024587871351778645
2020-07-10,1148.0799560546875,-0.008506538536387498
2020-07-13,1183.9808349609375,0.03127036467879929
2020-07-14,1177.40478515625,-0.005554186022702301
2020-07-16,1188.068603515625,0.00905705369454557
2020-07-17,1187.8546142578125,-0.00018011523676264574
2020-07-20,1192.8026123046875,0.0041654912878092976
2020-07-21,1180.413818359375,-0.010386290084807404
2020-07-22,1180.792724609375,0.00032099442086042096
2020-07-23,1190.3056640625,0.00805640080164971
2020-07-24,1192.0096435546875,0.001431547831480362
2020-07-27,1195.693603515625,0.003090545433803271
2020-07-28,1152.69384765625,-0.03596218607588553
2020-07-29,1135.593994140625,-0.014834687935911028
2020-07-30,1126.89404296875,-0.007661145811588055
2020-08-04,1087.1942138671875,-0.035229424939522413
2020-08-05,1091.7943115234375,0.004231164586396385
2020-08-06,1034.39453125,-0.052573804120067846
2020-08-07,1060.5943603515625,0.025328661656690787
2020-08-10,1075.4942626953125,0.014048634332555876
2020-08-11,1110.0941162109375,0.03217111863424904
2020-08-12,1114.194091796875,0.0036933585414649084
2020-08-13,1100.294189453125,-0.012475297119313833
2020-08-14,1083.7943115234375,-0.014995878454914235
2020-08-17,1086.1942138671875,0.0022143522236950375
2020-08-18,1092.4942626953125,0.005800112675701685
2020-08-19,1124.6939697265625,0.02947357082847235
2020-08-20,1126.7940673828125,0.0018672614175752056
2020-08-21,1109.8941650390625,-0.014998217361050892
2020-08-24,1108.3941650390625,-0.0013514802106804336
2020-08-25,1092.1942138671875,-0.01461569510455163
2020-08-26,1098.994140625,0.006225931864018541
2020-08-27,1108.8941650390625,0.009008259505762561
2020-08-28,1100.5941162109375,-0.00748497835934836
2020-08-31,1078.59423828125,-0.019989092805100084
2020-09-01,1085.1942138671875,0.006119053256259388
2020-09-02,1083.894287109375,-0.0011978747593761607
2020-09-03,1076.2943115234375,-0.00701173138037825
2020-09-04,1086.2943115234375,0.00929113895050282
2020-09-07,1096.794189453125,0.009665776409122806
2020-09-08,1089.59423828125,-0.006564541680755043
2020-09-09,1099.694091796875,0.009269371258384007
2020-09-10,1099.0941162109375,-0.0005455840768928688
2020-09-11,1102.694091796875,0.0032754024726728836
2020-09-14,1107.294189453125,0.004171689764614683
2020-09-15,1111.194091796875,0.003522011025521632
2020-09-16,1107.0941162109375,-0.0036897024707065462
2020-09-17,1110.694091796875,0.00325173400637202
2020-09-18,1111.994140625,0.0011704832480217142
2020-09-21,1086.9942626953125,-0.022482023075801716
2020-09-22,1096.194091796875,0.008463548904803497
2020-09-23,1102.694091796875,0.0059296068539698155
2020-09-24,1119.593994140625,0.015326011510781834
2020-09-25,1124.1939697265625,0.004108610451656114
2020-09-28,1121.1939697265625,-0.002668578626809137
2020-09-29,1123.2940673828125,0.001873090395555943
2020-09-30,1145.19384765625,0.019496034840157384
2020-10-01,1143.493896484375,-0.0014844222009697816
2020-10-02,1144.993896484375,0.001311769135464269
2020-10-05,1160.69384765625,0.013711820840338618
2020-10-06,1153.69384765625,-0.006030875423467474
2020-10-07,1152.3939208984375,-0.001126751919890423
2020-10-08,1150.493896484375,-0.0016487629616973587
2020-10-09,1165.6937255859375,0.01321156865586981
2020-10-12,1178.393798828125,0.010894862830117535
2020-10-13,1174.6937255859375,-0.003139929322325985
2020-10-14,1189.293701171875,0.012428750803665789
2020-10-15,1180.393798828125,-0.007483351114178527
2020-10-16,1192.693603515625,0.010420085821961411
2020-10-19,1205.3936767578125,0.010648227847246172
2020-10-20,1210.3935546875,0.004147921153142109
2020-10-21,1211.4935302734375,0.0009087751514187392
2020-10-22,1198.293701171875,-0.010895501108110106
2020-10-23,1190.5936279296875,-0.006425864739718845
2020-10-26,1144.493896484375,-0.03871995478883494
2020-10-27,1152.5938720703125,0.007077342754573612
2020-10-28,1126.9940185546875,-0.022210645168225684
2020-10-30,1112.3941650390625,-0.012954685894738471
2020-11-02,1133.593994140625,0.01905783917953041
2020-11-03,1150.69384765625,0.015084636654756123
2020-11-04,1167.6937255859375,0.014773588964878126
2020-11-05,1179.9937744140625,0.010533625863197171
2020-11-06,1191.99365234375,0.010169441729170225
2020-11-09,1231.493408203125,0.03313755554126385
2020-11-10,1242.993408203125,0.009338255424996333
2020-11-11,1279.193115234375,0.02912300804843393
2020-11-12,1271.7933349609375,-0.00578472490612314
2020-11-13,1291.293212890625,0.015332583835475422
2020-11-16,1292.9931640625,0.0013164718554274923
2020-11-17,1259.6932373046875,-0.0257541398387493
2020-11-18,1294.693115234375,0.0277844453659013
2020-11-19,1312.9930419921875,0.0141345671360118
2020-11-20,1323.992919921875,0.008377712278655691
2020-11-23,1314.2930908203125,-0.00732619408730284
2020-11-24,1320.9930419921875,0.005097760323531153
2020-11-25,1325.492919921875,0.003406435754499615
2020-11-26,1342.492919921875,0.012825417431125974
2020-11-27,1328.69287109375,-0.010279420191599997
2020-11-30,1283.5931396484375,-0.03394293175381258
2020-12-01,1325.29296875,0.03248679648831998
2020-12-02,1325.492919921875,0.00015087318546891382
2020-12-03,1330.8929443359375,0.004073974544036574
2020-12-04,1330.8929443359375,0.0
2020-12-07,1329.8929443359375,-0.0007513752358939696
2020-12-08,1339.8929443359375,0.0075194022515800985
2020-12-09,1350.2928466796875,0.007761741255309262
2020-12-10,1353.392822265625,0.002295780203205755
2020-12-11,1370.692626953125,0.012782545025279202
2020-12-14,1388.5926513671875,0.013059108995028268
2020-12-15,1395.392578125,0.0048969917499688265
2020-12-16,1392.4925537109375,-0.002078285680693015
2020-12-17,1399.392578125,0.0049551607264786135
2020-12-18,1408.2926025390625,0.006359919691719007
2020-12-21,1384.3927001953125,-0.01697083567765678
2020-12-22,1404.9925537109375,0.014880065109212692
2020-12-23,1417.6923828125,0.009039072177300156
2020-12-24,1425.992431640625,0.005854619047651832
2020-12-28,1439.2923583984375,0.009326786357842565
2020-12-29,1459.6922607421875,0.014173563991161542
2020-12-30,1479.8922119140625,0.01383849987777852
2020-12-31,1476.692138671875,-0.002162369135011888
2021-01-04,1495.39208984375,0.012663405378925852
2021-01-05,1489.592041015625,-0.0038786140889183196
2021-01-06,1505.39208984375,0.01060696378140702
2021-01-07,1522.19189453125,0.01115975352922427
2021-01-08,1540.591796875,0.012087767915369252
2021-01-11,1536.1917724609375,-0.002856061172717972
2021-01-12,1549.4918212890625,0.008657805012728836
2021-01-13,1559.291748046875,0.006324606960274037
2021-01-14,1546.591796875,-0.008144692093562722
2021-01-15,1524.491943359375,-0.014289390102986022
2021-01-18,1556.791748046875,0.021187258370368278
2021-01-19,1564.99169921875,0.0052672113544811605
2021-01-20,1569.3917236328125,0.0028115321098884927
2021-01-21,1551.591796875,-0.011341927251030337
2021-01-22,1542.4918212890625,-0.005864928909952605
2021-01-25,1540.1917724609375,-0.0014911254610108227
2021-01-26,1536.091796875,-0.0026619903178592974
2021-01-27,1466.9921875,-0.0449840364459827
2021-01-28,1498.2921142578125,0.02133612368526161
2021-01-29,1473.4921875,-0.016552130603782356
2021-02-01,1492.4920654296875,0.012894454474118078
2021-02-02,1511.3919677734375,0.012663318473528085
2021-02-03,1533.591796875,0.014688333387312458
2021-02-04,1534.891845703125,0.0008477150378438658
2021-02-05,1527.19189453125,-0.005016608299425629
2021-02-08,1534.891845703125,0.005041901544558858
2021-02-09,1544.091796875,0.0059938758536179915
2021-02-10,1547.091796875,0.0019428896689117625
2021-02-11,1545.591796875,-0.0009695610842419544
2021-02-12,1538.391845703125,-0.004658378225371296
2021-02-15,1562.49169921875,0.015665614442079923
2021-02-16,1542.7918701171875,-0.012607957604774733
2021-02-17,1540.591796875,-0.00142603372807526
2021-02-18,1546.391845703125,0.003764818714399265
2021-02-19,1560.291748046875,0.008988602974319138
2021-02-22,1550.591796875,-0.006216754772956468
2021-02-23,1517.8919677734375,-0.021088612210811597
2021-02-24,1482.9921875,-0.022992268892911505
2021-02-25,1488.1920166015625,0.0035063091669607083
2021-02-26,1471.3922119140625,-0.011288734585382376
2021-03-01,1527.491943359375,0.03812697321017833
2021-03-02,1528.7919921875,0.0008511002848667903
2021-03-03,1531.091796875,0.0015043280572193396
2021-03-04,1537.9918212890625,0.004506603998627456
2021-03-05,1541.9918212890625,0.0026007940644621197
2021-03-08,1530.2918701171875,-0.007587557216804264
2021-03-09,1549.1917724609375,0.012350521304346218
2021-03-10,1564.8917236328125,0.010134285148529543
2021-03-11,1556.49169921875,-0.005367799118115579
2021-03-12,1557.3917236328125,0.0005782391351745186
2021-03-15,1555.49169921875,-0.0012200041808559936
2021-03-16,1570.3917236328125,0.00957898034527993
2021-03-17,1562.0916748046875,-0.0052853365839985456
2021-03-18,1550.891845703125,-0.007169764286057534
2021-03-19,1528.991943359375,-0.014120844341548033
2021-03-22,1379.292724609375,-0.09790713378194338
2021-03-23,1377.3927001953125,-0.0013775352977378752
2021-03-24,1413.892578125,0.026499253208262186
2021-03-25,1394.392578125,-0.013791712540042744
2021-03-26,1382.192626953125,-0.008749294397622176
2021-03-29,1392.592529296875,0.007524206207549566
2021-03-30,1395.7926025390625,0.002297925038994064
2021-03-31,1391.692626953125,-0.002937381655755522
2021-04-01,1426.5924072265625,0.02507721863113166
2021-04-05,1442.09228515625,0.010864965950450278
2021-04-06,1420.5924072265625,-0.014908808646291294
2021-04-07,1417.8924560546875,-0.0019005811646889414
2021-04-08,1416.5924072265625,-0.0009168881762319225
2021-04-09,1393.1925048828125,-0.016518443995872323
2021-04-12,1375.8927001953125,-0.012417382828911472
2021-04-13,1378.3927001953125,0.0018170021540524495
2021-04-14,1409.1925048828125,0.022344724172680186
2021-04-15,1407.7926025390625,-0.0009934074577457874
2021-04-16,1408.092529296875,0.0002130475449804159
2021-04-19,1377.192626953125,-0.02194451124542196
2021-04-20,1365.2928466796875,-0.00864060701498548
2021-04-21,1330.492919921875,-0.02548898343856698
2021-04-22,1345.19287109375,0.011048500109822612
2021-04-26,1373.99267578125,0.02140942411037572
2021-04-27,1391.99267578125,0.013100506514538202
2021-04-28,1385.8927001953125,-0.004382189426761163
2021-04-29,1401.4925537109375,0.011256176985005029
2021-04-30,1397.7926025390625,-0.0026400077275317013
2021-05-03,1421.1923828125,0.016740523759341874
2021-05-04,1416.29248046875,-0.00344774036436446
2021-05-05,1419.992431640625,0.0026124202612800573
2021-05-06,1427.6923828125,0.00542252972642876
2021-05-07,1441.2923583984375,0.009525844467381805
2021-05-10,1460.892333984375,0.013598889546404758
2021-05-11,1444.892333984375,-0.010952210253826311
2021-05-12,1441.2923583984375,-0.0024915182268359093
2021-05-17,1454.2923583984375,0.009019682872977608
2021-05-18,1459.59228515625,0.0036443337731961734
2021-05-20,1449.7923583984375,-0.006714153573895709
2021-05-21,1451.7923583984375,0.0013795078918814596
2021-05-24,1452.1922607421875,0.0002754542283107675
2021-05-25,1400.1925048828125,-0.035807762694451295
2021-05-26,1427.0924072265625,0.019211574301350343
2021-05-27,1414.9925537109375,-0.008478675560428584
2021-05-28,1422.0924072265625,0.005017590726541288
2021-05-31,1420.492431640625,-0.0011250855273587934
2021-06-01,1431.992431640625,0.008095784070259349
2021-06-02,1430.6923828125,-0.0009078601250954721
2021-06-03,1428.0924072265625,-0.0018172848455559887
2021-06-04,1432.8924560546875,0.003361161227267484
2021-06-07,1447.09228515625,0.009909905688707532
2021-06-08,1447.59228515625,0.00034552046550784254
2021-06-09,1449.1922607421875,0.0011052667262347882
2021-06-10,1456.6922607421875,0.005175296751970704
2021-06-11,1460.892333984375,0.002883294814820747
2021-06-14,1454.2923583984375,-0.004517770017956724
2021-06-15,1442.59228515625,-0.008045200247818407
2021-06-16,1431.29248046875,-0.00783298566321955
2021-06-17,1414.1925048828125,-0.011947226593643001
2021-06-18,1391.0926513671875,-0.016334306281406308
2021-06-21,1398.4925537109375,0.005319489206184302
2021-06-22,1409.892578125,0.008151651850996533
2021-06-23,1402.392578125,-0.005319554210274746
2021-06-24,1410.7926025390625,0.005989780996483507
2021-06-25,1391.8927001953125,-0.013396655404724345
2021-06-28,1373.292724609375,-0.01336308149566956
2021-06-29,1371.692626953125,-0.0011651541055860415
2021-06-30,1356.2928466796875,-0.011226844827214921
2021-07-01,1372.792724609375,0.012165424281400883
2021-07-02,1376.692626953125,0.0028408530099544027
2021-07-05,1392.592529296875,0.011549348077021016
2021-07-06,1382.5926513671875,-0.007180763733334428
2021-07-07,1390.5926513671875,0.005786230667499392
2021-07-08,1372.99267578125,-0.012656456632813229
2021-07-09,1378.292724609375,0.003860216388342552
2021-07-12,1356.9927978515625,-0.015453848357103617
2021-07-13,1346.7928466796875,-0.007516584603856291
2021-07-14,1367.2928466796875,0.015221346067095354
2021-07-16,1363.2928466796875,-0.002925488866348913
2021-07-19,1351.5927734375,-0.00858221567778572
2021-07-26,1349.0927734375,-0.00184966955219934
2021-07-27,1359.5927734375,0.007783008112367096
2021-07-28,1360.7928466796875,0.0008826710950760042
2021-07-29,1391.5926513671875,0.022633720306989513
2021-07-30,1392.892578125,0.0009341287887194571
2021-08-02,1399.6925048828125,0.004881874499587102
2021-08-03,1408.7926025390625,0.006501497739328066
2021-08-04,1413.7926025390625,0.003549138454438605
2021-08-05,1431.79248046875,0.012731625485492781
2021-08-06,1434.79248046875,0.002095275705748856
2021-08-09,1432.5924072265625,-0.001533373830805651
2021-08-10,1437.492431640625,0.0034203897698639185
2021-08-11,1410.892578125,-0.01850434334827511
2021-08-12,1444.4923095703125,0.023814521364882824
2021-08-13,1447.59228515625,0.002146065829079946
2021-08-16,1455.2923583984375,0.005319227880077104
2021-08-17,1461.692138671875,0.004397590790953254
2021-08-18,1449.59228515625,-0.008277976733608972
2021-08-19,1439.892333984375,-0.006691503032405732
2021-08-20,1444.59228515625,0.003264099030841905
2021-08-23,1459.2923583984375,0.010175932263543519
2021-08-24,1465.8922119140625,0.004522639673703477
2021-08-25,1453.2923583984375,-0.008595347879755022
2021-08-26,1448.4923095703125,-0.003302879011498283
2021-08-27,1458.1922607421875,0.00669658451604227
2021-08-31,1472.0921630859375,0.009532283717289314
2021-09-01,1474.0921630859375,0.001358610588488851
2021-09-02,1479.0921630859375,0.0033919181752739558
2021-09-03,1468.692138671875,-0.007031356580487924
2021-09-06,1474.692138671875,0.004085267321867647
2021-09-07,1454.6922607421875,-0.013562069943425348
2021-09-08,1433.8924560546875,-0.014298422593441051
2021-09-09,1452.6922607421875,0.013111028381603385
2021-09-10,1438.6922607421875,-0.009637278574642694
2021-09-13,1438.2923583984375,-0.0002779623931136177
2021-09-14,1434.3924560546875,-0.0027114809593319356
2021-09-15,1423.992431640625,-0.007250473446205885
2021-09-16,1417.992431640625,-0.00421350554025568
2021-09-17,1419.3924560546875,0.0009873285518475772
2021-09-20,1391.8927001953125,-0.019374314511867108
2021-09-21,1385.5926513671875,-0.004526246044138982
2021-09-22,1407.4925537109375,0.01580544059766842
2021-09-23,1401.4925537109375,-0.004262899994874281
2021-09-24,1384.692626953125,-0.011987168046900365
2021-09-27,1391.692626953125,0.005055273541394456
2021-09-28,1383.792724609375,-0.005676470644991105
2021-09-29,1391.8927001953125,0.005853460161979074
2021-09-30,1406.392578125,0.010417381977542384
2021-10-01,1401.4925537109375,-0.0034841085556602813
2021-10-04,1394.392578125,-0.005066010209713867
2021-10-05,1391.692626953125,-0.0019362919842169646
2021-10-06,1371.692626953125,-0.014370989407184398
2021-10-07,1396.892578125,0.01837142715263429
2021-10-08,1397.9925537109375,0.0007874446490465647
2021-10-11,1416.29248046875,0.013090146087856969
2021-10-12,1416.79248046875,0.0003530344239592864
2021-10-13,1413.4925537109375,-0.0023291532128407733
2021-10-14,1411.7926025390625,-0.0012026601536824222
2021-10-15,1409.592529296875,-0.0015583544199273547
2021-10-18,1417.6923828125,0.005746237545445343
2021-10-19,1429.8924560546875,0.008605585661668247
2021-10-20,1432.79248046875,0.002028141628262148
2021-10-21,1455.392333984375,0.015773291543400125
2021-10-22,1479.8922119140625,0.016833864901991902
2021-10-25,1492.89208984375,0.008784341065538603
2021-10-26,1509.19189453125,0.010918273864794825
2021-10-27,1519.2919921875,0.0066923879546723075
2021-10-28,1521.991943359375,0.0017771114346409878
2021-11-01,1536.2918701171875,0.009395533806998646
2021-11-02,1533.091796875,-0.002082985209017174
2021-11-03,1546.9918212890625,0.009066661528289277
2021-11-04,1575.691650390625,0.01855202380943921
2021-11-05,1583.591552734375,0.005013609319939993
2021-11-08,1608.491455078125,0.015723689799150176
2021-11-09,1615.5914306640625,0.0044140586283640815
2021-11-10,1624.09130859375,0.005261155616673285
2021-11-11,1625.09130859375,0.0006157289277446409
2021-11-12,1638.4913330078125,0.008245705544790649
2021-11-15,1702.490966796875,0.039060099067827814
2021-11-16,1685.591064453125,-0.009926573869314614
2021-11-17,1706.990966796875,0.012695785350934408
2021-11-18,1736.890869140625,0.01751614561842496
2021-11-19,1737.2908935546875,0.00023031062064382546
2021-11-22,1755.49072265625,0.010475982559445596
2021-11-23,1784.5904541015625,0.016576408561864264
2021-11-24,1812.2904052734375,0.015521741197377592
2021-11-25,1819.1903076171875,0.00380728294078736
2021-11-26,1776.390625,-0.023526775861755445
2021-11-29,1808.7904052734375,0.018239107895222872
2021-11-30,1809.6903076171875,0.0004975160975679849
2021-12-01,1857.39013671875,0.026358006616263863
2021-12-02,1880.0899658203125,0.012221357620464168
2021-12-03,1910.389892578125,0.016116211090245525
2021-12-06,1927.3897705078125,0.008898643149093388
2021-12-07,1980.989501953125,0.02780949254036491
2021-12-08,2004.58935546875,0.011913164351631922
2021-12-09,2031.3892822265625,0.01336928517788416
2021-12-10,2035.4892578125,0.00201831112421913
2021-12-13,2101.48876953125,0.03242439696767474
2021-12-14,2157.6884765625,0.02674280626481096
2021-12-15,2162.28857421875,0.0021319563533928054
2021-12-16,2278.587890625,0.05378528924996506
2021-12-17,2084.489013671875,-0.08518384467490747
2021-12-20,2056.388916015625,-0.013480568845383845
2021-12-21,1891.989990234375,-0.07994544441514628
2021-12-22,1804.1904296875,-0.046405932906652736
2021-12-23,1805.29052734375,0.0006097458661502575
2021-12-24,1891.2900390625,0.047637491260360765
2021-12-27,1897.0899658203125,0.0030666511418246944
2021-12-28,1850.490234375,-0.02456379628003702
2021-12-29,1895.489990234375,0.02431774835849021
2021-12-30,1863.6900634765625,-0.016776626055345467
2021-12-31,1857.6900634765625,-0.003219419429004944
2022-01-03,1926.689697265625,0.03714270488153093
2022-01-04,1963.589599609375,0.019151969513367284
2022-01-05,2005.2894287109375,0.02123652982774904
2022-01-06,2007.58935546875,0.0011469300764683776
2022-01-07,2033.289306640625,0.012801398404443276
2022-01-10,2045.1890869140625,0.005852477674757495
2022-01-11,2045.9891357421875,0.00039118575062024874
2022-01-12,2064.18896484375,0.008895369375927942
2022-01-13,2070.68896484375,0.003148936512453515
2022-01-14,2072.888916015625,0.00106242473361573
2022-01-17,2085.7890625,0.006223269556176136
2022-01-18,1979.78955078125,-0.05081986171300579
2022-01-19,2042.089111328125,0.03146776914864047
2022-01-20,2014.189208984375,-0.01366243137431189
2022-01-21,2011.1893310546875,-0.0014893724563245225
2022-01-24,1910.2899169921875,-0.050169028099203095
2022-01-25,1945.089599609375,0.01821696398417938
2022-01-26,1951.1895751953125,0.0031360897653056607
2022-01-27,1997.6893310546875,0.02383149051763489
2022-01-28,1983.189453125,-0.007258324757649981
2022-01-31,2003.1893310546875,0.010084703656613847
2022-02-01,2015.3892822265625,0.006090263652438477
2022-02-02,2002.1893310546875,-0.006549578926653754
2022-02-03,1957.8896484375,-0.02212562115384553
2022-02-04,1943.789794921875,-0.007201556802181042
2022-02-07,1997.58935546875,0.027677663854098755
2022-02-08,2007.08935546875,0.004755732189897888
2022-02-09,2042.88916015625,0.017836677071678686
2022-02-10,2038.6890869140625,-0.002055947686298465
2022-02-11,2051.089111328125,0.006082351886639303
2022-02-14,2001.889404296875,-0.02398711336310111
2022-02-15,2038.1890869140625,0.01813271129727423
2022-02-16,2041.38916015625,0.0015700570976133754
2022-02-17,2009.9893798828125,-0.015381574903157724
2022-02-18,2032.3892822265625,0.011144288904181066
2022-02-21,2038.089111328125,0.002804496732691897
2022-02-22,2017.4892578125,-0.01010743514654322
2022-02-23,2015.9892578125,-0.0007434983825521657
2022-02-24,1851.3902587890625,-0.08164676393268078
2022-02-25,1952.3896484375,0.05455326837168206
2022-02-28,1946.1895751953125,-0.0031756331258718795
2022-03-01,1969.8895263671875,0.012177616956712267
2022-03-02,1986.0894775390625,0.008223786641350594
2022-03-03,2023.289306640625,0.018730187900525275
2022-03-04,1990.7894287109375,-0.01606289215438439
2022-03-07,1997.2894287109375,0.0032650364253785646
2022-03-08,2011.389404296875,0.007059555507204385
2022-03-09,2042.6890869140625,0.015561224768472437
2022-03-10,2041.9891357421875,-0.00034266162988727533
2022-03-11,2053.888916015625,0.005827543381670575
2022-03-14,2088.489013671875,0.01684613874998231
2022-03-15,2079.388916015625,-0.0043572638384391515
2022-03-16,2088.7890625,0.004520629311801416
2022-03-17,2133.5888671875,0.021447739980924974
2022-03-18,2144.28857421875,0.005014886980243105
2022-03-21,2174.988525390625,0.014317080052091535
2022-03-22,2188.788330078125,0.00634477126035482
2022-03-23,2183.088623046875,-0.00260404670151293
2022-03-24,2176.1884765625,-0.003160726693149374
2022-03-25,2175.488525390625,-0.00032164087780695017
2022-03-28,2172.488525390625,-0.0013790006083628237
2022-03-29,2206.48828125,0.015650142894661156
2022-03-30,2230.188232421875,0.01074102743860883
2022-03-31,2233.2880859375,0.0013899515164506049
2022-04-01,2251.68798828125,0.008238929164405606
2022-04-04,2311.3876953125,0.02651331238695276
2022-04-05,2326.28759765625,0.00644630166283533
2022-04-06,2316.3876953125,-0.004255665702608824
2022-04-07,2345.1875,0.012433067549866506
2022-04-08,2393.38720703125,0.020552602736988
2022-04-11,2449.087158203125,0.023272436239418548
2022-04-12,2463.786865234375,0.006002116740522645
2022-04-13,2460.386962890625,-0.0013799498616234862
2022-04-14,2475.38671875,0.00609650273945217
2022-04-15,2494.38671875,0.007675568369210017
2022-04-18,2510.28662109375,0.0063742731727332025
2022-04-19,2519.1865234375,0.003545372974131711
2022-04-20,2525.886474609375,0.0026595693131656883
2022-04-21,2556.786376953125,0.012233290234680227
2022-04-22,2472.48681640625,-0.0329709049245378
2022-04-25,2482.5869140625,0.004084995555580173
2022-04-26,2418.287109375,-0.02590032369995854
2022-04-27,2451.386962890625,0.01368731338280993
2022-04-28,2428.386962890625,-0.00938244363218721
2022-04-29,2430.587158203125,0.0009060315946849418
2022-05-05,2466.286865234375,0.014687688491550333
2022-05-06,2458.68701171875,-0.0030814961644385352
2022-05-09,2465.686767578125,0.002846948727516896
2022-05-10,2490.186767578125,0.009936379722743416
2022-05-11,2453.886962890625,-0.014577141425742957
2022-05-12,2390.9873046875,-0.025632663262137645
2022-05-13,2419.18701171875,0.011794168449144271
2022-05-16,2390.787353515625,-0.011739339730890808
2022-05-17,2394.787353515625,0.001673088990586269
2022-05-18,2393.58740234375,-0.0005010679424681808
2022-05-20,2372.38720703125,-0.008857080084788693
2022-05-23,2380.88720703125,0.0035828889882763004
2022-05-24,2374.9873046875,-0.0024780268155192298
2022-05-25,2418.087158203125,0.01814740374845747
2022-05-26,2450.787109375,0.01352306556070304
2022-05-27,2438.787109375,-0.00489638612594967
2022-05-30,2527.1865234375,0.036247286088515684
2022-05-31,2547.086669921875,0.007874427273103057
2022-06-01,2568.786376953125,0.00851942232178371
2022-06-02,2601.586181640625,0.012768599593090402
2022-06-03,2601.2861328125,-0.00011533303422439634
2022-06-06,2648.0859375,0.017991025322885212
2022-06-07,2648.185791015625,3.770780782108574e-05
2022-06-08,2540.386474609375,-0.04070685552802811
2022-06-09,2571.58642578125,0.012281576635567726
2022-06-10,2543.086669921875,-0.011082558055857228
2022-06-13,2510.086669921875,-0.012976356799123123
2022-06-14,2508.886474609375,-0.0004781489527361238
2022-06-15,2531.086669921875,0.008848624892824786
2022-06-16,2485.38671875,-0.0180554667348809
2022-06-17,2533.28662109375,0.01927261539718894
2022-06-20,2539.1865234375,0.002328951763540532
2022-06-21,2575.88623046875,0.014453332471837
2022-06-22,2574.286376953125,-0.0006210885778654696
2022-06-23,2543.1865234375,-0.012080961074903529
2022-06-24,2554.086669921875,0.004286019284830855
2022-06-27,2529.28662109375,-0.009709948029634985
2022-06-28,2490.186767578125,-0.015458846454782904
2022-06-29,2401.9873046875,-0.035418814379294505
2022-06-30,2405.38720703125,0.0014154539189756843
2022-07-01,2443.787109375,0.01596412512359846
2022-07-04,2405.9873046875,-0.015467715883470401
2022-07-05,2371.287353515625,-0.014422333444682023
2022-07-06,2408.187255859375,0.015561126444267881
2022-07-07,2425.587158203125,0.007225311196799256
2022-07-08,2433.987060546875,0.0034630387596430445
2022-07-13,2408.08740234375,-0.010640836437850965
2022-07-14,2382.38720703125,-0.0106724512106523
2022-07-18,2451.287109375,0.02892053069308065
2022-07-19,2501.98681640625,0.02068289219869346
2022-07-20,2525.1865234375,0.009272513699561724
2022-07-21,2511.386474609375,-0.005464962172116783
2022-07-22,2516.586669921875,0.0020706471764004863
2022-07-25,2548.486572265625,0.012675860809808759
2022-07-26,2537.086669921875,-0.004473204790565344
2022-07-27,2544.086669921875,0.0027590701110007387
2022-07-28,2543.28662109375,-0.00031447388863903303
2022-07-29,2592.38623046875,0.019305574514399293
2022-08-01,2656.285888671875,0.02464897300105262
2022-08-02,2647.5859375,-0.003275231483545249
2022-08-03,2684.48583984375,0.013937187768338521
2022-08-04,2723.685546875,0.014602314696333663
2022-08-05,2750.4853515625,0.00983953698996154
2022-08-08,2795.085205078125,0.01621526669476303
2022-08-09,2785.18505859375,-0.0035419837886832006
2022-08-10,2829.585205078125,0.015941542680396603
2022-08-11,2868.384765625,0.013712101857630277
2022-08-12,2864.284912109375,-0.0014293248119143787
2022-08-15,2857.184814453125,-0.002478837781197285
2022-08-16,2913.28466796875,0.019634660394330483
2022-08-17,2979.984130859375,0.02289493492482153
2022-08-18,3019.98388671875,0.01342280834490217
2022-08-19,3020.183837890625,6.620935057122246e-05
2022-08-22,3062.483642578125,0.014005705267611468
2022-08-23,3121.4833984375,0.019265329303018497
2022-08-24,3060.283935546875,-0.019605890879079824
2022-08-25,3136.783447265625,0.02499752092613572
2022-08-26,3146.08349609375,0.0029648361082215136
2022-08-29,3164.983154296875,0.006007360652249494
2022-08-31,3171.18310546875,0.001958920749217219
2022-09-01,3142.683349609375,-0.00898710509974232
2022-09-02,3222.682861328125,0.02545579774325457
2022-09-05,3358.382080078125,0.042107531081750915
2022-09-06,3391.3818359375,0.009826087405339967
2022-09-07,3402.781982421875,0.0033615048484281207
2022-09-08,3437.381591796875,0.010168035905248951
2022-09-09,3521.381103515625,0.024437063350548627
2022-09-12,3649.1806640625,0.036292453668046454
2022-09-13,3426.8818359375,-0.06091746301141554
2022-09-14,3446.981689453125,0.005865347706138779
2022-09-15,3363.082275390625,-0.02433996511185732
2022-09-16,3377.2822265625,0.004222302640581654
2022-09-19,3199.48291015625,-0.0526456791226535
2022-09-20,3277.482666015625,0.024378863100589454
2022-09-21,3245.78271484375,-0.009672042357561028
2022-09-22,3295.282470703125,0.015250483537607273
2022-09-23,3281.582763671875,-0.004157369558770108
2022-09-26,3260.1826171875,-0.006521288056873353
2022-09-27,3265.582763671875,0.0016563938645355325
2022-09-28,3198.18310546875,-0.020639396726647274
2022-09-29,3146.88330078125,-0.016040296316924274
2022-09-30,3179.983154296875,0.010518297106031138
2022-10-03,3392.08203125,0.06669811337413267
2022-10-04,3457.981689453125,0.019427495442626563
2022-10-05,3484.38134765625,0.007634412375185251
2022-10-06,3553.881103515625,0.01994608193679026
2022-10-07,3567.5810546875,0.0038549267048699765
2022-10-10,3581.98095703125,0.004036321003787702
2022-10-11,3571.5810546875,-0.002903394090729483
2022-10-12,3517.781494140625,-0.015063233823649602
2022-10-13,3553.381103515625,0.010119903534172359
2022-10-14,3626.980712890625,0.02071255720423082
2022-10-17,3847.57958984375,0.060821629453141624
2022-10-18,3841.579833984375,-0.0015593584796042004
2022-10-19,3880.279541015625,0.010073904149770607
2022-10-20,3900.879150390625,0.0053087951930412824
2022-10-21,3934.579345703125,0.008639128261413997
2022-10-24,3977.47900390625,0.010903238804924609
2022-10-25,3974.97900390625,-0.000628538830134584
2022-10-26,3976.37890625,0.000352178550471427
2022-10-27,3934.479248046875,-0.010537139239237936
2022-10-28,3878.9794921875,-0.014105997861578734
2022-10-31,3978.97900390625,0.025779850581874708
2022-11-01,4054.678466796875,0.019024846026156172
2022-11-02,4071.87841796875,0.0042420012616839475
2022-11-03,4105.47802734375,0.00825162392539247
2022-11-04,4216.9775390625,0.027158715982920523
2022-11-07,4331.67724609375,0.02719950627404799
2022-11-08,4360.27685546875,0.00660243313390696
2022-11-09,4360.97705078125,0.000160585058176288
2022-11-10,4467.076171875,0.024329208766357358
2022-11-11,4455.4765625,-0.002596689406827668
2022-11-14,4570.17578125,0.025743423209848793
2022-11-15,4656.97509765625,0.018992555332851824
2022-11-16,4668.47509765625,0.002469414106549106
2022-11-17,4507.17626953125,-0.03455064550006448
2022-11-18,4526.67626953125,0.0043264338543449465
2022-11-21,4570.275390625,0.009631596893113992
2022-11-22,4780.6748046875,0.046036484911629705
2022-11-23,4854.17431640625,0.01537429645845867
2022-11-24,4858.17431640625,0.0008240330361604098
2022-11-25,4874.27392578125,0.0033139217175948144
2022-11-28,4923.17431640625,0.010032343559182033
2022-11-29,4962.4736328125,0.007982515726751016
2022-11-30,4977.57373046875,0.003042857005104427
2022-12-01,5046.17333984375,0.013781736462302518
2022-12-02,4962.9736328125,-0.01648768312699822
2022-12-05,4957.7734375,-0.0010477982953847054
2022-12-06,5000.07373046875,0.008532114970965843
2022-12-07,4826.974609375,-0.03461931371910432
2022-12-08,4855.8740234375,0.0059870656883860285
2022-12-09,5005.2734375,0.030766740105160117
2022-12-12,5193.2724609375,0.03756019042416203
2022-12-13,5256.17236328125,0.01211180480455587
2022-12-14,5066.47314453125,-0.036090753049730084
2022-12-15,5188.7724609375,0.024138944965742093
2022-12-16,5214.27197265625,0.004914363061922167
2022-12-19,5391.87109375,0.03406019517683068
2022-12-20,5418.97119140625,0.005026102661775944
2022-12-21,5429.0712890625,0.0018638404412016918
2022-12-22,5447.17138671875,0.003333921529583561
2022-12-23,5454.77099609375,0.0013951478364586656
2022-12-26,5504.07080078125,0.009037923814364524
2022-12-27,5434.47119140625,-0.012645115205480506
2022-12-28,5345.57177734375,-0.016358429538292585
2022-12-29,5476.87060546875,0.0245621672655274
2022-12-30,5509.1708984375,0.005897581903157922
2023-01-02,5661.06982421875,0.027572011938190366
2023-01-03,5626.5703125,-0.006094168203182537
2023-01-04,5523.470703125,-0.018323704077056302
2023-01-05,5116.37255859375,-0.07370332285838455
2023-01-06,5341.9716796875,0.04409356795466768
2023-01-09,5170.97265625,-0.03201046985848177
2023-01-10,4987.9736328125,-0.03538967146080618
2023-01-11,4728.875,-0.05194466769191919
2023-01-12,4970.673828125,0.05113242116253858
2023-01-13,4984.87353515625,0.0028566966013552353
2023-01-16,5207.67236328125,0.04469498103686931
2023-01-17,5314.9716796875,0.020604083536976292
2023-01-18,5384.171875,0.013019861531335275
2023-01-19,5422.37109375,0.007094724989625156
2023-01-20,5490.2705078125,0.012522089117206203
2023-01-23,5404.37109375,-0.015645752598213103
2023-01-24,5366.4716796875,-0.007012733471676191
2023-01-25,5297.771484375,-0.012801743755125994
2023-01-26,5230.97216796875,-0.01260894634720744
2023-01-27,5191.7724609375,-0.007493770903864605
2023-01-30,5096.27294921875,-0.01839439467682391
2023-01-31,4976.57373046875,-0.023487599652281088
2023-02-01,4713.375,-0.05288753763605125
2023-02-02,4752.1748046875,0.00823185184448505
2023-02-03,4997.57373046875,0.05163928850832478
2023-02-06,4930.173828125,-0.01348652485761892
2023-02-07,4505.27587890625,-0.08618315784219388
2023-02-08,4505.27587890625,0.0
2023-02-15,4950.4736328125,0.09881697944196288
2023-02-16,5008.57373046875,0.011736270499685952
2023-02-17,5026.77294921875,0.0036336130262570876
2023-02-20,5148.87255859375,0.02428985963926955
2023-02-21,5149.37255859375,9.710863772793843e-05
2023-02-22,5071.373046875,-0.01514738171130714
2023-02-23,5086.17333984375,0.0029183995797488205
2023-02-24,5058.77294921875,-0.00538723098765681
2023-02-27,5197.37255859375,0.0273978711371905
2023-02-28,5237.27197265625,0.007676843176563697
2023-03-01,5322.671875,0.01630618054392108
2023-03-02,5261.3720703125,-0.011516735603300687
2023-03-03,5212.3720703125,-0.009313160017038968
2023-03-06,5392.27099609375,0.0345138304316146
2023-03-07,5381.87158203125,-0.0019285777866197007
2023-03-08,5438.37109375,0.01049811591703298
2023-03-09,5446.17138671875,0.001434306860323309
2023-03-10,5384.57177734375,-0.011310626309928296
2023-03-13,5323.171875,-0.011402931353259649
2023-03-14,5207.27197265625,-0.021772714664365367
2023-03-15,5121.57275390625,-0.01645760375106442
2023-03-16,5229.572265625,0.02108717710519259
2023-03-17,5136.37255859375,-0.017821669210667523
2023-03-20,4975.4736328125,-0.031325400162425354
2023-03-21,4906.57421875,-0.013847810107588288
2023-03-22,5001.07373046875,0.019259774234664517
2023-03-23,5061.97314453125,0.012177267791809054
2023-03-24,5031.97314453125,-0.005926542702505366
2023-03-27,4997.7734375,-0.006796480435993235
2023-03-28,4811.474609375,-0.03727636525640321
2023-03-29,4943.173828125,0.02737190351028529
2023-03-30,4896.07421875,-0.00952821224028555
2023-03-31,4812.87451171875,-0.016993146613796917
2023-04-03,4839.47412109375,0.005526761462455232
2023-04-04,4984.07373046875,0.02987919880483214
2023-04-05,4919.8740234375,-0.01288097056806825
2023-04-06,4912.77392578125,-0.0014431462314739019
2023-04-07,4924.57373046875,0.00240186193498082
2023-04-10,5092.27294921875,0.03405355020119427
2023-04-11,5124.2724609375,0.006283934902519217
2023-04-12,5146.07275390625,0.004254319639506843
2023-04-13,5135.57275390625,-0.0020403908965394013
2023-04-14,5092.873046875,-0.008314497540468424
2023-04-17,5059.373046875,-0.006577819570930732
2023-04-18,5018.67333984375,-0.00804441709559034
2023-04-19,5061.17333984375,0.008468373436977483
2023-04-20,5012.2734375,-0.009661771897593097
2023-04-24,5022.77294921875,0.0020947603616747745
2023-04-25,4890.97412109375,-0.02624025203956315
2023-04-26,4783.474609375,-0.02197916183099946
2023-04-27,4789.57470703125,0.0012752440755710026
2023-04-28,4617.87548828125,-0.03584853128983245
2023-05-02,4506.17626953125,-0.02418844315604829
2023-05-03,4485.97607421875,-0.004482779657130731
2023-05-04,4484.3759765625,-0.0003566888520529776
2023-05-05,4400.7763671875,-0.018642417543027534
2023-05-08,4561.87548828125,0.036606977417647624
2023-05-09,4536.17626953125,-0.00563347658567559
2023-05-10,4494.47607421875,-0.009192807517775181
2023-05-11,4847.97412109375,0.07865166952444991
2023-05-12,4795.57470703125,-0.010808517692886932
2023-05-15,4501.17626953125,-0.061389605101627165
2023-05-16,4589.67578125,0.019661418797972674
2023-05-17,4661.67529296875,0.015687276215214707
2023-05-18,4501.67626953125,-0.03432221538012914
2023-05-22,4466.17626953125,-0.007885951337788355
2023-05-23,4470.97607421875,0.001074701130863387
2023-05-24,4424.87646484375,-0.010310860225986596
2023-05-25,4427.9765625,0.0007006066001797873
2023-05-26,4580.67578125,0.03448510094727952
2023-05-29,4768.57470703125,0.04101991381934811
2023-05-30,4951.37353515625,0.038334059830385625
2023-05-31,4886.8740234375,-0.013026589745407824
2023-06-01,4959.7734375,0.014917391713572759
2023-06-02,5114.97265625,0.03129159440561646
2023-06-05,5372.671875,0.05038134826295049
2023-06-06,5388.77099609375,0.002996483215113477
2023-06-07,5561.1708984375,0.03199243435446042
2023-06-08,5553.970703125,-0.0012947264962712701
2023-06-09,5626.47021484375,0.01305363596497866
2023-06-12,5588.97021484375,-0.006664924645129688
2023-06-13,5429.0712890625,-0.028609729455450372
2023-06-14,5360.771484375,-0.012580384572421832
2023-06-15,5495.470703125,0.025126834662250852
2023-06-16,5475.47119140625,-0.0036392718293225546
2023-06-19,5269.27197265625,-0.03765871676461918
2023-06-20,5251.572265625,-0.003359042221221187
2023-06-21,5186.7724609375,-0.012339124629714648
2023-06-22,5428.27099609375,0.046560464522980016
2023-06-23,5582.77001953125,0.028461921585838157
2023-06-26,5732.86962890625,0.02688622473250346
2023-06-27,5759.0693359375,0.004570085965176274
2023-07-03,6015.26806640625,0.04448613404774093
2023-07-04,6003.8681640625,-0.0018951611495779952
2023-07-05,6106.767578125,0.01713885302785756
2023-07-06,6141.0673828125,0.005616687428937839
2023-07-07,6187.0673828125,0.007490554513168712
2023-07-10,6270.36669921875,0.013463457119871292
2023-07-11,6362.8662109375,0.014751850434883584
2023-07-12,6342.06640625,-0.003268936356346175
2023-07-13,6368.3662109375,0.004146882577827027
2023-07-14,6437.666015625,0.010881881222295275
2023-07-17,6600.46484375,0.02528848618891799
2023-07-18,6364.96630859375,-0.03567908332687264
2023-07-19,6571.26513671875,0.03241161352990396
2023-07-20,6682.064453125,0.016861184886168834
2023-07-21,6687.76416015625,0.0008529859403831885
2023-07-24,6695.064453125,0.00109158947503607
2023-07-25,6604.96484375,-0.013457616428613317
2023-07-26,6743.8642578125,0.021029546310747493
2023-07-27,6856.06396484375,0.01663730210780434
2023-07-28,7067.26220703125,0.030804590399166942
2023-07-31,7216.9619140625,0.02118213569072247
2023-08-01,7168.4619140625,-0.006720279333260137
2023-08-02,7258.46142578125,0.012554926398115729
2023-08-03,7221.4619140625,-0.005097431748735559
2023-08-04,7400.56103515625,0.024800950725086146
2023-08-07,7470.060546875,0.00939111391536307
2023-08-08,7412.16064453125,-0.007750928119046097
2023-08-09,7600.65966796875,0.025431049389974536
2023-08-10,7441.46044921875,-0.020945447593306743
2023-08-11,7714.35888671875,0.03667269877496304
2023-08-14,7737.35888671875,0.0029814532014575956
2023-08-15,7690.7587890625,-0.006022739585757053
2023-08-16,7662.25927734375,-0.003705682690150258
2023-08-17,7764.458984375,0.01333806431393425
2023-08-18,7513.259765625,-0.03235244326172715
2023-08-21,7796.65869140625,0.0377198359462918
2023-08-22,7771.2587890625,-0.0032577932867250414
2023-08-23,7602.15966796875,-0.021759553462785908
2023-08-24,7491.8603515625,-0.014508944987171146
2023-08-25,7716.6591796875,0.03000574190869898
2023-08-28,7941.658203125,0.029157569123923865
2023-08-29,7907.05810546875,-0.004356785040513955
2023-08-31,7917.85791015625,0.0013658435973842309
2023-09-01,8056.05712890625,0.01745411705010924
2023-09-04,8141.2568359375,0.010575856857511834
2023-09-05,8236.0556640625,0.011644249780517368
2023-09-06,8181.65673828125,-0.006604973059934016
2023-09-07,8337.65625,0.01906698321732825
2023-09-08,8325.255859375,-0.0014872753509117542
2023-09-11,8146.45654296875,-0.021476735301162564
2023-09-12,8159.8564453125,0.0016448749555186826
2023-09-13,8013.857421875,-0.01789235195692329
2023-09-14,8118.7568359375,0.013089752979153602
2023-09-15,7961.95751953125,-0.019313217475880218
2023-09-18,7680.359375,-0.03536795365216028
2023-09-19,7783.95849609375,0.013488837700872613
2023-09-20,7719.7587890625,-0.008247693903232878
2023-09-21,8000.45751953125,0.036361075279508714
2023-09-22,8039.15771484375,0.004837247772145892
2023-09-25,8304.755859375,0.033038056218357426
2023-09-26,8242.255859375,-0.007525808230647191
2023-09-27,8213.755859375,-0.003457791226849971
2023-09-28,8218.65625,0.0005966077771117906
2023-09-29,8334.8564453125,0.014138588082753811
2023-10-02,8486.955078125,0.018248500596316886
2023-10-03,8513.455078125,0.003122439055710746
2023-10-04,8333.0556640625,-0.02118991788962743
2023-10-05,8487.955078125,0.018588549063763615
2023-10-06,8464.85546875,-0.0027214575433524013
2023-10-09,8193.3564453125,-0.032073675024907655
2023-10-10,8442.7548828125,0.03043910504378
2023-10-11,8330.5556640625,-0.013289408529248203
2023-10-12,8259.255859375,-0.008558829394188283
2023-10-13,8113.2568359375,-0.017677019082993795
2023-10-16,7934.55810546875,-0.022025523668523284
2023-10-17,8114.95703125,0.022735850362846755
2023-10-18,7842.65869140625,-0.033555117888505404
2023-10-19,7768.958984375,-0.009397286039236619
2023-10-20,7510.66015625,-0.033247546890708635
2023-10-23,7750.35888671875,0.03191446896572536
2023-10-24,7990.357421875,0.03096611894547463
2023-10-25,7424.96044921875,-0.07075991007716087
2023-10-26,7662.0595703125,0.03193271165756806
2023-10-27,7706.35888671875,0.005781646044347166
2023-10-30,7712.85888671875,0.0008434592906387817
2023-10-31,7514.06005859375,-0.02577498577956927
2023-11-01,7528.56005859375,0.0019297157444750912
2023-11-02,7663.5595703125,0.017931651028625373
2023-11-03,7705.958984375,0.005532600572030422
2023-11-06,7867.95849609375,0.021022628338306593
2023-11-07,7844.75830078125,-0.0029486931488033052
2023-11-08,7860.8583984375,0.002052338267024334
2023-11-09,7841.45849609375,-0.00246791143669578
2023-11-10,7771.2587890625,-0.008952378829298224
2023-11-13,7568.259765625,-0.02612176855095949
2023-11-14,7671.0595703125,0.013583017479714021
2023-11-15,7665.859375,-0.0006778979181213396
2023-11-16,7780.65869140625,0.014975400772499814
2023-11-17,7853.3583984375,0.00934364427417278
2023-11-20,7946.35791015625,0.011842005292570512
2023-11-21,8046.5576171875,0.01260951346064898
2023-11-22,7986.95751953125,-0.007406906218995313
2023-11-23,7898.55810546875,-0.01106797098223311
2023-11-24,7959.9580078125,0.007773558353801002
2023-11-27,8107.1572265625,0.018492461719713527
2023-11-28,8093.45703125,-0.0016898889375935866
2023-11-29,8009.25732421875,-0.010403429178179713
2023-11-30,7948.55810546875,-0.007578632611347724
2023-12-01,8026.25732421875,0.009775259577776918
2023-12-04,8087.1572265625,0.007587584086045762
2023-12-05,8057.35693359375,-0.0036848910110056643
2023-12-06,7855.05859375,-0.025107282885818538
2023-12-07,7978.75732421875,0.015747652164832093
2023-12-08,7913.7578125,-0.008146570835216416
2023-12-11,7728.35888671875,-0.023427419713098585
2023-12-12,7748.85888671875,0.002652568326663607
2023-12-13,7529.259765625,-0.02833954319004761
2023-12-14,7813.3583984375,0.03773261139289663
2023-12-15,7993.857421875,0.023101336740625644
2023-12-18,7790.3583984375,-0.025456924322997065
2023-12-19,7725.85888671875,-0.008279402361216937
2023-12-20,7662.859375,-0.008154369972644737
2023-12-21,7764.958984375,0.013323957073791304
2023-12-22,7557.56005859375,-0.026709597075604274
2023-12-26,7299.26123046875,-0.03417754223881908
2023-12-27,7260.361328125,-0.00532929307713681
2023-12-28,7396.2607421875,0.018717995967508783
2023-12-29,7470.16064453125,0.009991522056845836
2024-01-02,7624.25927734375,0.020628556753369498
2024-01-03,7411.96044921875,-0.02784517425264732
2024-01-04,7547.759765625,0.018321646120030843
2024-01-05,7628.65966796875,0.010718399214584728
2024-01-08,7818.8583984375,0.02493212946270984
2024-01-09,7736.2587890625,-0.010564152100709046
2024-01-10,7874.158203125,0.017825077705190262
2024-01-11,7895.9580078125,0.0027685251077185224
2024-01-12,7986.45751953125,0.011461498608428045
2024-01-15,8043.95751953125,0.007199687703763669
2024-01-16,8032.15771484375,-0.0014669153409685443
2024-01-17,8024.357421875,-0.0009711329440574845
2024-01-18,8016.0576171875,-0.0010343263953913606
2024-01-19,7996.65771484375,-0.002420130102627205
2024-01-22,8010.0576171875,0.0016756878713060086
2024-01-23,7950.05810546875,-0.0074905218646625915
2024-01-24,8090.85693359375,0.017710414975224742
2024-01-25,8169.8564453125,0.009764047537503595
2024-01-26,8346.255859375,0.0215914949354723
2024-01-29,8471.6552734375,0.015024630945341011
2024-01-30,8474.2548828125,0.00030685967394727953
2024-01-31,8496.6552734375,0.0026433463395623136
2024-02-01,8646.0537109375,0.017583205707668803
2024-02-02,8665.654296875,0.0022669979383431738
2024-02-05,8776.6533203125,0.012809075879882226
2024-02-06,8869.052734375,0.010527864174451729
2024-02-07,8842.953125,-0.0029427730510431793
2024-02-08,8949.751953125,0.012077280815055769
2024-02-09,9045.9521484375,0.010748923078131689
2024-02-12,9174.55078125,0.014216152230554613
2024-02-13,8993.9521484375,-0.019684738481320352
2024-02-14,9072.0517578125,0.00868356959054628
2024-02-15,9242.1513671875,0.018749849969552645
2024-02-16,9250.3515625,0.0008872604425862463
2024-02-19,9196.3515625,-0.005837615968987686
2024-02-20,9344.9501953125,0.016158433244161774
2024-02-21,9312.0498046875,-0.0035206598149130075
2024-02-22,9347.150390625,0.0037693726594794086
2024-02-23,9374.150390625,0.0028885808906080612
2024-02-26,9334.0498046875,-0.004277783507463662
2024-02-27,9179.451171875,-0.016562867784877477
2024-02-28,9062.3525390625,-0.01275660501046938
2024-02-29,9193.6513671875,0.014488382300186231
2024-03-01,9097.15234375,-0.010496267433188544
2024-03-04,8907.6533203125,-0.02083058700975704
2024-03-05,8860.453125,-0.005298836137332286
2024-03-06,8744.552734375,-0.013080639216744294
2024-03-07,9054.15234375,0.03540485360194112
2024-03-08,9155.2509765625,0.011165996437235481
2024-03-11,9131.7509765625,-0.002566832963963539
2024-03-12,9068.9521484375,-0.006876975542388197
2024-03-13,8910.1533203125,-0.017510162753737735
2024-03-14,8883.453125,-0.0029966033526753755
2024-03-15,8828.6533203125,-0.0061687503627706475
2024-03-18,8718.0537109375,-0.01252734764435004
2024-03-19,8929.8525390625,0.02429427887778224
2024-03-20,8955.0517578125,0.002821907600351725
2024-03-21,9140.6513671875,0.020725688069092474
2024-03-22,9111.4521484375,-0.0031944352297273992
2024-03-25,9029.3525390625,-0.00901059546134797
2024-03-26,8807.353515625,-0.02458637233147054
2024-03-27,8806.6533203125,-7.950121580313496e-05
2024-03-28,9079.9521484375,0.03103322206344128
2024-03-29,9142.3515625,0.0068722183820359994
2024-04-01,9157.451171875,0.001651611105936368
2024-04-02,9040.8525390625,-0.012732651326671118
2024-04-03,8945.751953125,-0.010518984302265943
2024-04-04,9128.951171875,0.020478906603933256
2024-04-05,9618.7490234375,0.05365324475296762
2024-04-08,9756.6484375,0.014336522735595603
2024-04-09,9814.1484375,0.0058934172291169595
2024-04-15,9679.748046875,-0.013694554497612255
2024-04-16,9548.048828125,-0.013605645323848892
2024-04-17,9530.44921875,-0.0018432676342372556
2024-04-18,9524.548828125,-0.0006191093923875179
2024-04-19,9693.4482421875,0.017733061912996506
2024-04-22,9644.94921875,-0.005003278732786165
2024-04-24,9722.0478515625,0.007993679496271389
2024-04-25,9716.748046875,-0.0005451325449553623
2024-04-26,9915.546875,0.020459399293463854
2024-04-29,10082.74609375,0.016862329517251196
2024-04-30,10045.646484375,-0.0036795143932065733
2024-05-02,10208.646484375,0.01622593431428543
2024-05-03,10276.845703125,0.006680534863694465
2024-05-06,10267.044921875,-0.0009536760143260548
2024-05-07,10336.4453125,0.0067595292660243
2024-05-08,10247.7451171875,-0.008581305529206773
2024-05-09,10268.544921875,0.0020296957476639843
2024-05-10,10218.544921875,-0.004869239057764152
2024-05-13,10055.9462890625,-0.015912112150568758
2024-05-14,10173.3466796875,0.011674723317952829
2024-05-15,10158.5458984375,-0.0014548586336442515
2024-05-16,10319.9453125,0.015888043001048624
2024-05-17,10643.54296875,0.031356528203501544
2024-05-20,10739.54296875,0.009019553008040804
2024-05-21,10895.2421875,0.014497750900858142
2024-05-22,10899.2421875,0.00036713272923738494
2024-05-23,10792.4423828125,-0.009798828473596588
2024-05-24,10676.6435546875,-0.010729622083451185
2024-05-27,10656.943359375,-0.0018451674640622695
2024-05-28,10677.443359375,0.0019236285029107236
2024-05-29,10479.14453125,-0.018571751818368565
2024-05-30,10481.244140625,0.00020036076119933632
2024-05-31,10400.4453125,-0.007708896676857813
2024-06-03,10556.744140625,0.015028089993141869
2024-06-04,10364.544921875,-0.018206296959530244
2024-06-05,10350.9453125,-0.0013121279783637751
2024-06-06,10279.6455078125,-0.006888240883796137
2024-06-07,10138.9462890625,-0.013687166414743435
2024-06-10,9997.84765625,-0.013916498696192048
2024-06-11,10051.3466796875,0.005351054074529404
2024-06-12,10165.4462890625,0.011351673861332623
2024-06-13,10391.845703125,0.022271468229200453
2024-06-14,10471.244140625,0.007640455773522792
2024-06-20,10739.84375,0.025651164825096773
2024-06-21,10771.3427734375,0.0029329126354840085
2024-06-24,10767.84375,-0.0003248456122043608
2024-06-25,10679.943359375,-0.008163230509822372
2024-06-26,10486.64453125,-0.018099237198231033
2024-06-27,10680.84375,0.018518718563530046
2024-06-28,10647.84375,-0.0030896435499302433
2024-07-01,10343.2451171875,-0.028606602422438843
2024-07-02,10446.14453125,0.009948465196044864
2024-07-03,10682.1435546875,0.022591973788176123
2024-07-04,10872.5419921875,0.01782399164786086
2024-07-05,10851.7421875,-0.0019130581148774084
2024-07-08,10864.0419921875,0.001133440554980103
2024-07-09,10796.5419921875,-0.006213157133278746
2024-07-10,10743.2431640625,-0.0049366573263520674
2024-07-11,11024.2412109375,0.02615579323522832
2024-07-12,11064.841796875,0.0036828462985025734
2024-07-16,11139.240234375,0.0067238591265725844
2024-07-17,11134.041015625,-0.0004667480582701833
2024-07-18,11139.4404296875,0.00048494648572994237
2024-07-19,11156.140625,0.0014991951721374797
2024-07-22,11172.740234375,0.0014879347556628897
2024-07-23,11089.44140625,-0.007455541467680016
2024-07-24,10991.541015625,-0.00882825266291798
2024-07-25,10871.4423828125,-0.010926459960598267
2024-07-26,10891.3427734375,0.0018305198081591811
2024-07-29,10733.7431640625,-0.014470172563052941
2024-07-30,10691.6435546875,-0.0039221740944904715
2024-07-31,10638.54296875,-0.004966550340543274
2024-08-01,10798.0419921875,0.014992562788533892
2024-08-02,10473.4443359375,-0.030060788473025957
2024-08-05,9893.34765625,-0.05538738366107665
2024-08-06,9881.1474609375,-0.0012331715953388667
2024-08-07,10024.2470703125,0.014482084185132083
2024-08-08,10098.4462890625,0.007401974255976329
2024-08-09,9907.34765625,-0.018923567778884598
2024-08-12,9828.5478515625,-0.007953673114296067
2024-08-13,9920.546875,0.009360388210642334
2024-08-14,9830.8486328125,-0.009041663057259619
2024-08-15,9982.947265625,0.01547156695148777
2024-08-16,9821.9482421875,-0.01612740397736845
2024-08-19,10054.146484375,0.02364075196305304
2024-08-20,9982.2470703125,-0.007151220063705832
2024-08-21,9904.7470703125,-0.007763782989351875
2024-08-22,9921.34765625,0.0016760232058077307
2024-08-23,9668.0478515625,-0.025530786085087187
2024-08-26,9565.7490234375,-0.010581125548366765
2024-08-27,9748.748046875,0.019130652810263493
2024-08-28,9757.1484375,0.0008616891712256436
2024-08-29,9833.1484375,0.007789160991740873
2024-09-02,10110.146484375,0.02816982257876144
2024-09-03,10021.7470703125,-0.008743633358737068
2024-09-04,9984.84765625,-0.003681934277887322
2024-09-05,9936.7470703125,-0.004817358020218876
2024-09-06,9771.1484375,-0.016665276034573795
2024-09-09,9699.5478515625,-0.007327755421533633
2024-09-10,9623.94921875,-0.00779403679113988
2024-09-11,9419.650390625,-0.0212281697961344
2024-09-12,9520.94921875,0.010753990214521947
2024-09-13,9685.4482421875,0.017277586473578133
2024-09-16,9577.44921875,-0.01115064793460796
2024-09-17,9758.0478515625,0.01885665261048186
2024-09-18,9774.4482421875,0.0016807040582789146
2024-09-19,9975.546875,0.020573911470985973
2024-09-20,9900.2470703125,-0.00754843876040634
2024-09-23,9887.7470703125,-0.001262594752557522
2024-09-24,10029.6474609375,0.014351134754553962
2024-09-25,9890.947265625,-0.01382901999822983
2024-09-26,9829.1484375,-0.006248019169991514
2024-09-27,9777.4482421875,-0.005259885496820327
2024-09-30,9665.748046875,-0.011424268637959978
2024-10-01,9351.150390625,-0.032547678123237556
2024-10-02,9012.8525390625,-0.03617713729656846
2024-10-03,8898.1533203125,-0.012726183886054176
2024-10-04,9109.251953125,0.02372387002262699
2024-10-07,9031.5517578125,-0.008529810758593048
2024-10-08,9044.8525390625,0.0014727016582165575
2024-10-09,9132.2509765625,0.009662781910766194
2024-10-10,8964.0517578125,-0.018418155521752078
2024-10-11,8876.1533203125,-0.009805659301709513
2024-10-14,8699.154296875,-0.019940960577196076
2024-10-15,8860.2529296875,0.018518884401254043
2024-10-16,8955.9521484375,0.01080095788567692
2024-10-17,9002.251953125,0.0051697244380182195
2024-10-18,8793.552734375,-0.023183001301974593
2024-10-21,8654.3544921875,-0.015829579510379
2024-10-22,8838.552734375,0.02128387996514136
2024-10-23,8714.654296875,-0.01401795533992034
2024-10-24,8872.853515625,0.018153240892955225
2024-10-25,8908.453125,0.0040121939703285925
2024-10-28,8945.751953125,0.0041869028889345294
2024-10-30,9006.5517578125,0.006796500171934783
2024-10-31,8863.853515625,-0.01584382636381565
2024-11-01,8884.953125,0.002380410431851887
2024-11-04,8663.8544921875,-0.02488461443768164
2024-11-05,8618.5537109375,-0.005228709841658685
2024-11-06,8862.2529296875,0.02827611533484209
2024-11-07,8946.0517578125,0.009455702606307126
2024-11-08,9184.7509765625,0.02668207441808579
2024-11-11,9276.7509765625,0.010016602544234976
2024-11-12,9226.8515625,-0.005378975267156583
2024-11-13,9300.25,0.007954873556035968
2024-11-14,9420.3505859375,0.012913694356334604
2024-11-15,9389.5498046875,-0.003269600315722765
2024-11-18,9395.3505859375,0.0006177912009268649
2024-11-19,9232.8515625,-0.01729568491895561
2024-11-20,9031.751953125,-0.021780877555941935
2024-11-21,9367.75,0.037201868321764975
2024-11-22,9549.849609375,0.019438991153158502
2024-11-25,9659.94921875,0.011528936462718242
2024-11-26,9636.048828125,-0.0024741735265656484
2024-11-27,9639.7490234375,0.0003839950770796463
2024-11-28,9640.048828125,3.110088102609154e-05
2024-11-29,9651.94921875,0.0012344741024838957
2024-12-02,9681.0478515625,0.0030147934011062194
2024-12-03,9827.1484375,0.015091402106221397
2024-12-04,9886.046875,0.005993441319686044
2024-12-05,9935.947265625,0.005047557558237825
2024-12-06,10080.9462890625,0.014593376913255796
2024-12-09,10257.345703125,0.017498299167994613
2024-12-10,10098.9462890625,-0.015442534418455112
2024-12-11,10058.4462890625,-0.0040103193779595925
2024-12-12,10058.5458984375,9.903057802018722e-06
2024-12-13,10125.4462890625,0.0066510996023185776
2024-12-16,9997.6474609375,-0.01262155014965105
2024-12-17,10011.2470703125,0.0013602809489068335
2024-12-18,9915.7470703125,-0.009539271114704317
2024-12-19,9765.0478515625,-0.015197969218193275
2024-12-20,9724.4482421875,-0.004157645716861835
2024-12-23,9626.548828125,-0.010067348976961377
2024-12-24,9672.748046875,0.004799146565903634
2024-12-26,9948.947265625,0.02855436918355725
2024-12-27,10025.447265625,0.007689255753150714
2024-12-30,9889.6474609375,-0.01354551084749378
2024-12-31,9830.5478515625,-0.005975906583974178
2025-01-02,9961.2470703125,0.01329521210043505
2025-01-03,10075.146484375,0.011434252484506136
2025-01-06,10085.4462890625,0.0010222982567522632
2025-01-07,9971.947265625,-0.011253743283585527
2025-01-08,9890.7470703125,-0.008142862487090285
2025-01-09,10000.6474609375,0.011111434742363535
2025-01-10,9910.546875,-0.009009475265419842
2025-01-13,9733.1484375,-0.017899964526427836
2025-01-14,9715.8486328125,-0.0017774109578815311
2025-01-15,9739.6484375,0.0024495857836981383
2025-01-16,9866.6474609375,0.013039384763470885
2025-01-17,9977.84765625,0.011270312003418326
2025-01-20,10029.2470703125,0.0051513528601836445
2025-01-21,9999.546875,-0.0029613584254410963
2025-01-22,10105.3466796875,0.010580459895839
2025-01-23,10112.74609375,0.0007322276312768938
2025-01-24,10104.8466796875,-0.0007811344207863113
2025-01-27,9997.84765625,-0.01058888143771508
2025-01-28,10121.74609375,0.012392511044369225
2025-01-29,10076.9462890625,-0.004426094497189892
2025-01-30,10082.0458984375,0.0005060669401935058
2025-01-31,10004.34765625,-0.007706594769573694
2025-02-03,9774.3486328125,-0.022989907122411224
2025-02-04,9807.0478515625,0.0033454115438678045
2025-02-05,9719.748046875,-0.008901741483150927
2025-02-06,9842.1484375,0.012592959203747256
2025-02-07,9951.6474609375,0.011125520421973345
2025-02-10,9845.8486328125,-0.010631287788306909
2025-02-11,9882.7470703125,0.0037476137279859323
2025-02-12,9779.5478515625,-0.010442361624330876
2025-02-13,9914.6474609375,0.013814504660705218
2025-02-14,9877.546875,-0.0037419974924647326
2025-02-17,9836.4482421875,-0.00416081374582189
2025-02-18,9916.84765625,0.008173622437992911
2025-02-19,9763.6484375,-0.015448378765145931
2025-02-20,9807.4482421875,0.004486007968012684
2025-02-21,9602.1494140625,-0.020932950453094512
2025-02-24,9574.7490234375,-0.002853568450504551
2025-02-25,9451.5498046875,-0.012867096406227185
2025-02-26,9573.1494140625,0.012865573571298583
2025-02-27,9741.0478515625,0.017538474564427586
2025-02-28,9658.6494140625,-0.008458888484649263
2025-03-03,9911.046875,0.02613175508472465
2025-03-04,9897.947265625,-0.001321718032435415
2025-03-05,10188.8466796875,0.029389873097503516
2025-03-06,10459.0439453125,0.026518925460294218
2025-03-07,10507.0439453125,0.0045893296032581965
2025-03-10,10422.14453125,-0.008080237838957172
2025-03-11,10438.244140625,0.0015447501545124975
2025-03-12,10580.244140625,0.013603820535998512
2025-03-13,10727.54296875,0.013922063249884431
2025-03-14,10840.5419921875,0.010533541908587463
2025-03-17,10862.0419921875,0.0019832956705942983
2025-03-18,10802.142578125,-0.005514562925238442
2025-03-19,9860.2470703125,-0.08719524862779504
2025-03-20,9810.8486328125,-0.005009857983044874
2025-03-21,9044.5517578125,-0.07810709385904813
2025-03-24,9299.3505859375,0.028171526345118103
2025-03-25,9715.5478515625,0.04475551940738476
2025-03-26,9649.44921875,-0.006803387088651913
2025-03-27,9612.7490234375,-0.003803346126863616
2025-03-28,9659.44921875,0.004858151939537425
2025-04-02,9523.2490234375,-0.014100203047614834
2025-04-03,9484.2490234375,-0.004095241015331874
2025-04-04,9379.75,-0.011018165294823246
2025-04-07,9407.150390625,0.0029212282443562554
2025-04-08,9477.0498046875,0.00743045568104872
2025-04-09,9275.451171875,-0.021272298549363522
2025-04-10,9338.5498046875,0.0068027561833139405
2025-04-11,9380.9501953125,0.004540361352864064
2025-04-14,9423.5498046875,0.004541076169052305
2025-04-15,9393.75,-0.0031622695592563588
2025-04-16,9266.05078125,-0.013594061876247454
2025-04-17,9395.9501953125,0.014018854108306167
2025-04-18,9317.150390625,-0.008386571134318288
2025-04-21,9321.5498046875,0.00047218450685604374
2025-04-22,9312.0498046875,-0.001019143833273617
2025-04-24,9490.849609375,0.019200907258624778
2025-04-25,9432.5498046875,-0.006142738225449418
2025-04-28,9306.9501953125,-0.013315552207589065
2025-04-29,9224.7509765625,-0.008832025209654648
2025-04-30,9078.3525390625,-0.015870177728586676
2025-05-02,9167.55078125,0.00982537765565894
2025-05-05,9112.15234375,-0.006042883079884764
2025-05-06,9134.6513671875,0.0024691228360478323
2025-05-07,9074.5517578125,-0.006579299741080735
2025-05-08,9279.1513671875,0.022546525143664065
2025-05-09,9390.4501953125,0.01199450507064359
2025-05-12,9747.0478515625,0.0379745005652663
2025-05-13,9700.1484375,-0.004811653207897337
2025-05-14,9701.5478515625,0.00014426728328098548
2025-05-15,9541.2490234375,-0.016523015767961446
2025-05-16,9668.3486328125,0.013321066147921279
2025-05-20,9513.94921875,-0.01596957452883918
2025-05-21,9398.8505859375,-0.012097881769819074
2025-05-22,9475.150390625,0.00811799315138173
2025-05-23,9355.9501953125,-0.012580295868489855
2025-05-26,9345.150390625,-0.0011543247304705018
2025-05-27,9213.55078125,-0.0140821285773014
2025-05-28,9177.6513671875,-0.0038963712161392827
2025-05-29,9170.55078125,-0.0007736822476048788
2025-05-30,9019.5517578125,-0.016465643889811976
2025-06-02,9008.8525390625,-0.0011862251071105279
2025-06-03,9276.951171875,0.029759465109459926
2025-06-04,9474.9501953125,0.021343113677020797
2025-06-05,9486.548828125,0.0012241365467269283
2025-06-10,9659.2490234375,0.0182047442585751
2025-06-11,9686.0478515625,0.0027744214959128932
2025-06-12,9520.1494140625,-0.017127567408541933
2025-06-13,9311.8505859375,-0.0218797856068641
2025-06-16,9349.9501953125,0.004091518546542883
2025-06-17,9339.5498046875,-0.0011123471684602038
2025-06-18,9196.05078125,-0.01536466172764328
2025-06-19,9101.9521484375,-0.010232504696946587
2025-06-20,9203.3515625,0.011140402894768808
2025-06-23,9141.2509765625,-0.00674760553432896
2025-06-24,9448.8505859375,0.033649618653252444
2025-06-25,9418.4501953125,-0.003217363884475466
2025-06-26,9301.0498046875,-0.012464937244497931
2025-06-27,9404.8505859375,0.011160114549401356
