date,usdtry_close,usdtry_return
2020-01-01,5.947800159454346,
2020-01-02,5.946300029754639,-0.00025221588814183793
2020-01-03,5.955699920654297,0.0015807966050522815
2020-01-06,5.967959880828857,0.0020585255029459404
2020-01-07,5.968999862670898,0.00017426086347893666
2020-01-08,5.974370002746582,0.000899671670168356
2020-01-09,5.908899784088135,-0.010958514224654436
2020-01-10,5.877299785614014,-0.005347865022049536
2020-01-13,5.875329971313477,-0.00033515634260461447
2020-01-14,5.865499973297119,-0.0016730971816651952
2020-01-15,5.8871002197265625,0.0036825925373420443
2020-01-16,5.875349998474121,-0.0019959268254120532
2020-01-17,5.855100154876709,-0.003446576561850989
2020-01-20,5.890769958496094,0.006092091113023113
2020-01-21,5.91077995300293,0.0033968385538423185
2020-01-22,5.93310022354126,0.0037761971712362286
2020-01-23,5.9196600914001465,-0.002265279808991938
2020-01-24,5.929200172424316,0.0016115927058091284
2020-01-27,5.944779872894287,0.0026276226163570726
2020-01-28,5.942800045013428,-0.0003330363652128687
2020-01-29,5.940999984741211,-0.0003028976675274464
2020-01-30,5.95665979385376,0.002635887755052968
2020-01-31,5.97415018081665,0.0029362742826000154
2020-02-03,5.975039958953857,0.00014893802637638842
2020-02-04,5.98360013961792,0.0014326566387619089
2020-02-05,5.977719783782959,-0.0009827454538658964
2020-02-06,5.980899810791016,0.0005319799393548319
2020-02-07,5.98769998550415,0.0011369818803628196
2020-02-10,5.986939907073975,-0.0001269399655987602
2020-02-11,6.00570011138916,0.0031335213993077815
2020-02-12,6.015999794006348,0.001714984502415584
2020-02-13,6.0441999435424805,0.004687525016910499
2020-02-14,6.039700031280518,-0.0007445008940795139
2020-02-17,6.054200172424316,0.0024008048526749093
2020-02-18,6.0467000007629395,-0.0012388377403738104
2020-02-19,6.064000129699707,0.002861086036116456
2020-02-20,6.083000183105469,0.0031332541225890242
2020-02-21,6.102399826049805,0.0031891570541482395
2020-02-24,6.109189987182617,0.0011127034160931526
2020-02-25,6.115200042724609,0.0009837728986332728
2020-02-26,6.147299766540527,0.005249169870429338
2020-02-27,6.160099983215332,0.002082250282388287
2020-02-28,6.206769943237305,0.007576169242242248
2020-03-02,6.249269962310791,0.006847364967956127
2020-03-03,6.171299934387207,-0.012476661817111379
2020-03-04,6.112199783325195,-0.009576612981115784
2020-03-05,6.079800128936768,-0.005300817305876948
2020-03-06,6.102530002593994,0.0037385889626608826
2020-03-09,6.121079921722412,0.0030397096156074
2020-03-10,6.157400131225586,0.00593362772054018
2020-03-11,6.170619964599609,0.0021469829948166375
2020-03-12,6.211100101470947,0.006560140975067297
2020-03-13,6.316199779510498,0.01692126617226153
2020-03-16,6.282869815826416,-0.0052769014356074395
2020-03-17,6.429299831390381,0.02330623104669627
2020-03-18,6.399700164794922,-0.004603870930228182
2020-03-19,6.47189998626709,0.011281750646591648
2020-03-20,6.541319847106934,0.010726349447171213
2020-03-23,6.5572099685668945,0.002429191941590858
2020-03-24,6.5467000007629395,-0.001602810929394738
2020-03-25,6.436299800872803,-0.016863488456362874
2020-03-26,6.418600082397461,-0.0027499835344745316
2020-03-27,6.399799823760986,-0.0029290278869426034
2020-03-30,6.459799766540527,0.009375284295108033
2020-03-31,6.565040111541748,0.016291580049636822
2020-04-01,6.612989902496338,0.00730380776658035
2020-04-02,6.707300186157227,0.014261368163482002
2020-04-03,6.632299900054932,-0.011181888989713507
2020-04-06,6.739999771118164,0.016238691356876167
2020-04-07,6.765699863433838,0.003813070205996416
2020-04-08,6.757689952850342,-0.001183899780536679
2020-04-09,6.772900104522705,0.0022507915838825276
2020-04-10,6.686100006103516,-0.01281579487068285
2020-04-13,6.722799777984619,0.00548896544287425
2020-04-14,6.767330169677734,0.006623786690619582
2020-04-15,6.816530227661133,0.0072702316496759956
2020-04-16,6.897029876708984,0.011809475841710215
2020-04-17,6.922100067138672,0.0036349255951968473
2020-04-20,6.904399871826172,-0.0025570556826429724
2020-04-21,6.9405999183654785,0.005243040265819898
2020-04-22,6.974699974060059,0.004913127985427979
2020-04-23,6.980400085449219,0.0008172554246577146
2020-04-24,6.955999851226807,-0.003495535201954225
2020-04-27,6.965799808502197,0.0014088495521837885
2020-04-28,6.985300064086914,0.002799428080163313
2020-04-29,6.987100124359131,0.0002576926196014018
2020-04-30,6.951000213623047,-0.005166651413828882
2020-05-01,6.989299774169922,0.00550993517045395
2020-05-04,7.0167999267578125,0.003934607682664071
2020-05-05,7.0446600914001465,0.003970494375376443
2020-05-06,7.083700180053711,0.005541798773403217
2020-05-07,7.197080135345459,0.016005752983589527
2020-05-08,7.0883002281188965,-0.015114449913144035
2020-05-11,7.093999862670898,0.0008040904544917016
2020-05-12,7.063399791717529,-0.004313514455277723
2020-05-13,6.9920501708984375,-0.01010131422870264
2020-05-14,6.969860076904297,-0.0031736176731822496
2020-05-15,6.925300121307373,-0.006393235316815016
2020-05-18,6.883339881896973,-0.006058977759144213
2020-05-19,6.876999855041504,-0.0009210684005511727
2020-05-20,6.779789924621582,-0.014135514391302118
2020-05-21,6.78410005569458,0.0006357322455294856
2020-05-22,6.789999961853027,0.0008696667369307853
2020-05-25,6.809100151062012,0.00281298811727404
2020-05-26,6.814000129699707,0.0007196220541609843
2020-05-27,6.72553014755249,-0.012983560384979831
2020-05-28,6.7754998207092285,0.00742984895769494
2020-05-29,6.811049938201904,0.005246862730926116
2020-06-01,6.804100036621094,-0.001020386231765813
2020-06-02,6.804599761962891,7.344473760051429e-05
2020-06-03,6.696300029754639,-0.015915665284773617
2020-06-04,6.724100112915039,0.004151558776768205
2020-06-05,6.748899936676025,0.0036881996615953927
2020-06-08,6.76140022277832,0.001852196094116465
2020-06-09,6.775400161743164,0.00207056800419525
2020-06-10,6.787499904632568,0.0017858344305219376
2020-06-11,6.769899845123291,-0.0025930106455346325
2020-06-12,6.835100173950195,0.009630914831608939
2020-06-15,6.813399791717529,-0.003174844798232823
2020-06-16,6.822169780731201,0.0012871678283628007
2020-06-17,6.830959796905518,0.0012884487570425929
2020-06-18,6.8317999839782715,0.00012299692835759934
2020-06-19,6.853109836578369,0.0031192149433638683
2020-06-22,6.84689998626709,-0.0009061361132918222
2020-06-23,6.842299938201904,-0.0006718439110271479
2020-06-24,6.844600200653076,0.00033618263916324054
2020-06-25,6.850480079650879,0.0008590536810668681
2020-06-26,6.8527398109436035,0.000329864661520185
2020-06-29,6.8505401611328125,-0.0003209883742087971
2020-06-30,6.8495001792907715,-0.0001518101956311524
2020-07-01,6.847300052642822,-0.0003212098095275451
2020-07-02,6.845600128173828,-0.0002482620092482124
2020-07-03,6.848100185394287,0.0003652064353232287
2020-07-06,6.858500003814697,0.0015186428555165055
2020-07-07,6.856200218200684,-0.00033531903663108764
2020-07-08,6.853360176086426,-0.00041422975173899257
2020-07-09,6.85791015625,0.000663905011070387
2020-07-10,6.857729911804199,-2.6282707369151836e-05
2020-07-13,6.8597002029418945,0.00028730952706435
2020-07-14,6.855400085449219,-0.0006268666800965939
2020-07-15,6.863490104675293,0.0011800943964226374
2020-07-16,6.85290002822876,-0.001542957924470456
2020-07-17,6.855629920959473,0.0003983558375968421
2020-07-20,6.851900100708008,-0.0005440521577837476
2020-07-21,6.853650093078613,0.00025540249345201715
2020-07-22,6.826879978179932,-0.003905964637108683
2020-07-23,6.840199947357178,0.0019511063941095586
2020-07-24,6.83558988571167,-0.0006739659192694925
2020-07-27,6.840700149536133,0.0007475966097885145
2020-07-28,6.8790998458862305,0.005613416099330415
2020-07-29,6.938799858093262,0.008678462814103893
2020-07-30,6.970699787139893,0.004597326583706485
2020-07-31,6.969399929046631,-0.00018647454817377618
2020-08-03,6.9692301750183105,-2.4357050829149074e-05
2020-08-04,6.960400104522705,-0.001267008015785942
2020-08-05,6.92609977722168,-0.0049279246574831514
2020-08-06,7.0495500564575195,0.017823924460608875
2020-08-07,7.223239898681641,0.02463842952147255
2020-08-10,7.29964017868042,0.010577009911123536
2020-08-11,7.328100204467773,0.0038988258449335067
2020-08-12,7.224120140075684,-0.014189225241310943
2020-08-13,7.319019794464111,0.013136500023300135
2020-08-14,7.332099914550781,0.001787140963406486
2020-08-17,7.366000175476074,0.004623540502771473
2020-08-18,7.373429775238037,0.0010086342092006095
2020-08-19,7.3649001121521,-0.0011568107849324605
2020-08-20,7.277900218963623,-0.01181277299945005
2020-08-21,7.296199798583984,0.0025144037524282847
2020-08-24,7.284570217132568,-0.001593923106885442
2020-08-25,7.372900009155273,0.012125601015549714
2020-08-26,7.393199920654297,0.00275331436392956
2020-08-27,7.348750114440918,-0.006012255409082012
2020-08-28,7.35260009765625,0.0005238963300393529
2020-08-31,7.324900150299072,-0.0037673675963972864
2020-09-01,7.35260009765625,0.0037816143276774294
2020-09-02,7.359399795532227,0.0009248018096541522
2020-09-03,7.363239765167236,0.0005217775554660076
2020-09-04,7.4220099449157715,0.007981565400946966
2020-09-07,7.431399822235107,0.001265139414932781
2020-09-08,7.449699878692627,0.002462531541199686
2020-09-09,7.479100227355957,0.003946514509587162
2020-09-10,7.4688801765441895,-0.0013664813281130117
2020-09-11,7.442500114440918,-0.0035319969633623716
2020-09-14,7.467289924621582,0.003330844447360315
2020-09-15,7.483500003814697,0.0021708115469933897
2020-09-16,7.485400199890137,0.0002539180964082899
2020-09-17,7.492700099945068,0.0009752184064972802
2020-09-18,7.544600009918213,0.006926729921236996
2020-09-21,7.557600021362305,0.0017230882256185076
2020-09-22,7.616640090942383,0.007812012995288997
2020-09-23,7.667699813842773,0.006703706922047026
2020-09-24,7.698599815368652,0.004029891920142026
2020-09-25,7.615699768066406,-0.010768198021769315
2020-09-28,7.658180236816406,0.005578012532495791
2020-09-29,7.780360221862793,0.015954179879315245
2020-09-30,7.8113298416137695,0.003980486618595291
2020-10-01,7.705870151519775,-0.01350086249490734
2020-10-02,7.751399993896484,0.005908462182915075
2020-10-05,7.736629962921143,-0.001905466236676201
2020-10-06,7.760000228881836,0.0030207294484418945
2020-10-07,7.788269996643066,0.0036430112019860683
2020-10-08,7.872690200805664,0.010839403898296407
2020-10-09,7.940299987792969,0.00858788867119209
2020-10-12,7.845250129699707,-0.011970562603350832
2020-10-13,7.88539981842041,0.005117706645032083
2020-10-14,7.9207000732421875,0.0044766601104127
2020-10-15,7.906199932098389,-0.0018306640839467203
2020-10-16,7.9309000968933105,0.0031241512998732013
2020-10-19,7.912300109863281,-0.0023452554946840065
2020-10-20,7.872640132904053,-0.005012445990236092
2020-10-21,7.857999801635742,-0.0018596469572031982
2020-10-22,7.808040142059326,-0.006357808709287149
2020-10-23,7.941199779510498,0.017054169167738387
2020-10-26,7.97353982925415,0.0040724387550474805
2020-10-27,8.09022045135498,0.014633478304421299
2020-10-28,8.192700386047363,0.01266713747895687
2020-10-29,8.264920234680176,0.00881514582857279
2020-10-30,8.297940254211426,0.00399520123529995
2020-11-02,8.363490104675293,0.007899532710011758
2020-11-03,8.433609962463379,0.00838404265569559
2020-11-04,8.432000160217285,-0.00019087938062811727
2020-11-05,8.440500259399414,0.0010080762595610082
2020-11-06,8.42039966583252,-0.002381445761406198
2020-11-09,8.437789916992188,0.002065252464230616
2020-11-10,8.107600212097168,-0.03913225004927856
2020-11-11,8.149149894714355,0.005124781875059936
2020-11-12,7.7829999923706055,-0.04493105502713102
2020-11-13,7.68179988861084,-0.013002711532695388
2020-11-16,7.619949817657471,-0.008051507700046812
2020-11-17,7.688379764556885,0.00898036713323802
2020-11-18,7.674650192260742,-0.001785756260302751
2020-11-19,7.6910600662231445,0.0021381917809035755
2020-11-20,7.539599895477295,-0.019693016234656358
2020-11-23,7.617249965667725,0.010298964304061853
2020-11-24,7.873899936676025,0.033693258349806854
2020-11-25,7.993899822235107,0.015240209619648892
2020-11-26,7.939499855041504,-0.006805185003981307
2020-11-27,7.8709001541137695,-0.008640305079692712
2020-11-30,7.817319869995117,-0.0068073896339096995
2020-12-01,7.8225998878479,0.0006754255858263392
2020-12-02,7.817500114440918,-0.0006519281926850029
2020-12-03,7.850490093231201,0.004220016412835426
2020-12-04,7.781199932098389,-0.008826221077911534
2020-12-07,7.801380157470703,0.002593459305558765
2020-12-08,7.796760082244873,-0.0005922125486226282
2020-12-09,7.8096699714660645,0.0016558017798431468
2020-12-10,7.817659854888916,0.0010230756807962926
2020-12-11,7.886300086975098,0.008780150756144245
2020-12-14,7.854340076446533,-0.004052598832924081
2020-12-15,7.847099781036377,-0.0009218209728234505
2020-12-16,7.83050012588501,-0.002115387291427462
2020-12-17,7.794710159301758,-0.00457058502112051
2020-12-18,7.697700023651123,-0.012445637319159153
2020-12-21,7.658549785614014,-0.005085965667253944
2020-12-22,7.643249988555908,-0.0019977407585499707
2020-12-23,7.65749979019165,0.0018643641980935488
2020-12-24,7.633299827575684,-0.0031602955636987895
2020-12-25,7.574100017547607,-0.007755467669986471
2020-12-28,7.569499969482422,-0.0006073392290210089
2020-12-29,7.4394001960754395,-0.017187366924037106
2020-12-30,7.388800144195557,-0.006801630581263263
2020-12-31,7.373730182647705,-0.0020395681644861385
2021-01-01,7.433800220489502,0.008146492528728233
2021-01-04,7.433420181274414,-5.1123140764608443e-05
2021-01-05,7.421500205993652,-0.001603565383104466
2021-01-06,7.383790016174316,-0.005081208485163247
2021-01-07,7.29971981048584,-0.011385779593449885
2021-01-08,7.326600074768066,0.003682369321027057
2021-01-11,7.357649803161621,0.00423794503271524
2021-01-12,7.471950054168701,0.015534886011830062
2021-01-13,7.446959972381592,-0.0033445193832856157
2021-01-14,7.394269943237305,-0.007075374292288106
2021-01-15,7.366099834442139,-0.0038097214480152797
2021-01-18,7.449079990386963,0.011265141365153442
2021-01-19,7.475180149078369,0.0035038096953030617
2021-01-20,7.466300010681152,-0.0011879497510587367
2021-01-21,7.410600185394287,-0.007460164366176247
2021-01-22,7.365699768066406,-0.006058944782418085
2021-01-25,7.41772985458374,0.007063834822987003
2021-01-26,7.40749979019165,-0.0013791368238853519
2021-01-27,7.347300052642822,-0.00812686321348799
2021-01-28,7.392240047454834,0.0061165318538809466
2021-01-29,7.345779895782471,-0.006284989580169209
2021-02-01,7.277699947357178,-0.00926789930969485
2021-02-02,7.185070037841797,-0.012727909942071514
2021-02-03,7.192599773406982,0.0010479696823453288
2021-02-04,7.156599998474121,-0.005005113042152343
2021-02-05,7.132900238037109,-0.003311594953199104
2021-02-08,7.0569000244140625,-0.010654882458297377
2021-02-09,7.074900150299072,0.002550712894151319
2021-02-10,7.0639801025390625,-0.0015434914314017556
2021-02-11,7.055480003356934,-0.0012033016881054515
2021-02-12,7.023900032043457,-0.00447594937530138
2021-02-15,7.028900146484375,0.0007118715269447407
2021-02-16,6.956900119781494,-0.010243427165328667
2021-02-17,6.982399940490723,0.0036653998577214075
2021-02-18,6.963210105895996,-0.002748315014647784
2021-02-19,6.965590000152588,0.0003417811929267156
2021-02-22,6.981400012969971,0.0022697306067449574
2021-02-23,7.010000228881836,0.004096630455027839
2021-02-24,7.100299835205078,0.012881541137645058
2021-02-25,7.16379976272583,0.008943274086244068
2021-02-26,7.3231000900268555,0.022236848122121566
2021-03-01,7.413090229034424,0.012288530526862962
2021-03-02,7.269370079040527,-0.019387346646746018
2021-03-03,7.34499979019165,0.010403887864944839
2021-03-04,7.456699848175049,0.015207632562843632
2021-03-05,7.508900165557861,0.007000458439478052
2021-03-08,7.507740020751953,-0.00015450262759242328
2021-03-09,7.755760192871094,0.033035263798905534
2021-03-10,7.606659889221191,-0.019224460264636867
2021-03-11,7.489699840545654,-0.015376006076106008
2021-03-12,7.475100040435791,-0.001949317118267846
2021-03-15,7.556000232696533,0.010822623352613414
2021-03-16,7.530720233917236,-0.0033456852833202433
2021-03-17,7.4882001876831055,-0.0056462124356482235
2021-03-18,7.49429988861084,0.0008145750347015035
2021-03-19,7.320219993591309,-0.023228306527215747
2021-03-22,8.095390319824219,0.10589440302498487
2021-03-23,7.825399875640869,-0.03335113361022124
2021-03-24,7.939599990844727,0.014593518161205132
2021-03-25,7.911399841308594,-0.003551835050714214
2021-03-26,7.947999954223633,0.004626249924057024
2021-03-29,8.118200302124023,0.02141423614502469
2021-03-30,8.243490219116211,0.015433213314459238
2021-03-31,8.324700355529785,0.009851426307906808
2021-04-01,8.241889953613281,-0.009947553470978199
2021-04-02,8.106969833374023,-0.016370046312024322
2021-04-05,8.184000015258789,0.009501723019574415
2021-04-06,8.11340045928955,-0.008626534193256097
2021-04-07,8.14490032196045,0.0038824488978395078
2021-04-08,8.14387035369873,-0.00012645560056046
2021-04-09,8.12952995300293,-0.0017608827342502353
2021-04-12,8.170999526977539,0.005101103534195239
2021-04-13,8.154500007629395,-0.0020192779712775444
2021-04-14,8.107099533081055,-0.0058127996203313215
2021-04-15,8.080300331115723,-0.00330564610141737
2021-04-16,8.028800010681152,-0.006373565130525227
2021-04-19,8.076199531555176,0.005903686828786947
2021-04-20,8.090399742126465,0.0017582788186207843
2021-04-21,8.10342025756836,0.0016093785050073084
2021-04-22,8.190099716186523,0.010696651026732562
2021-04-23,8.301719665527344,0.013628643509702387
2021-04-26,8.406160354614258,0.012580608993652431
2021-04-27,8.290300369262695,-0.013782747468999323
2021-04-28,8.205940246582031,-0.010175761905254932
2021-04-29,8.184889793395996,-0.0025652701035452363
2021-04-30,8.184880256652832,-1.1651645172028324e-06
2021-05-03,8.274550437927246,0.010955588654034232
2021-05-04,8.258999824523926,-0.0018793303056130473
2021-05-05,8.319299697875977,0.007301110864901483
2021-05-06,8.329000473022461,0.0011660566993350052
2021-05-07,8.276749610900879,-0.006273365248425922
2021-05-10,8.23799991607666,-0.0046817526983278235
2021-05-11,8.271400451660156,0.004054447186666588
2021-05-12,8.28950023651123,0.0021882370412185104
2021-05-13,8.432900428771973,0.01729901540133061
2021-05-14,8.49940013885498,0.007885745912061148
2021-05-17,8.445099830627441,-0.006388722420457071
2021-05-18,8.302020072937012,-0.01694234059513766
2021-05-19,8.35513973236084,0.006398401709119872
2021-05-20,8.410599708557129,0.006637827489764492
2021-05-21,8.36931037902832,-0.004909201597931179
2021-05-24,8.416299819946289,0.0056144937623192614
2021-05-25,8.377969741821289,-0.004554267189265215
2021-05-26,8.452300071716309,0.008872117253417189
2021-05-27,8.451199531555176,-0.0001302059973965486
2021-05-28,8.48235034942627,0.0036859640758430956
2021-05-31,8.573399543762207,0.010733958229171225
2021-06-01,8.487799644470215,-0.00998435904626338
2021-06-02,8.601699829101562,0.013419282900433815
2021-06-03,8.580490112304688,-0.0024657587707394013
2021-06-04,8.70680046081543,0.014720644958218454
2021-06-07,8.67300033569336,-0.0038820374113529565
2021-06-08,8.597149848937988,-0.00874558789571489
2021-06-09,8.599699974060059,0.000296624482168939
2021-06-10,8.582300186157227,-0.002023301737888117
2021-06-11,8.425200462341309,-0.018305083766390617
2021-06-14,8.378479957580566,-0.0055453285615661985
2021-06-15,8.45576000213623,0.0092236354263453
2021-06-16,8.555899620056152,0.01184276964987463
2021-06-17,8.619999885559082,0.007491937534268134
2021-06-18,8.71345043182373,0.010841130801080956
2021-06-21,8.754280090332031,0.004685819794094437
2021-06-22,8.779199600219727,0.00284655158740188
2021-06-23,8.63895034790039,-0.015975175267210706
2021-06-24,8.634499549865723,-0.0005152012519379356
2021-06-25,8.69729995727539,0.007273195979336622
2021-06-28,8.747309684753418,0.0057500290577185975
2021-06-29,8.683099746704102,-0.007340535589043351
2021-06-30,8.72599983215332,0.004940641786995714
2021-07-01,8.704700469970703,-0.002440907929442515
2021-07-02,8.664609909057617,-0.004605622106284901
2021-07-05,8.688400268554688,0.002745693083332057
2021-07-06,8.65999984741211,-0.0032687744883675984
2021-07-07,8.680299758911133,0.00234410067629387
2021-07-08,8.678500175476074,-0.00020731812092211754
2021-07-09,8.681900024414062,0.00039175535740554324
2021-07-12,8.65429973602295,-0.00317906084077213
2021-07-13,8.632100105285645,-0.002565156213032438
2021-07-14,8.619199752807617,-0.0014944627982393932
2021-07-15,8.584050178527832,-0.004078055421367299
2021-07-16,8.560689926147461,-0.0027213555250182875
2021-07-19,8.532099723815918,-0.0033397077312914414
2021-07-20,8.580100059509277,0.0056258526326613545
2021-07-21,8.57040023803711,-0.0011305021392399306
2021-07-22,8.554160118103027,-0.0018949079953122228
2021-07-23,8.556500434875488,0.00027358814192735004
2021-07-26,8.54757022857666,-0.0010436750826808838
2021-07-27,8.554499626159668,0.0008106862415522276
2021-07-28,8.556099891662598,0.00018706710770510782
2021-07-29,8.551259994506836,-0.0005656662751772901
2021-07-30,8.45226001739502,-0.011577238579508986
2021-08-02,8.43667984008789,-0.0018433149565990625
2021-08-03,8.349800109863281,-0.010297857909907893
2021-08-04,8.401200294494629,0.006155858099001765
2021-08-05,8.475500106811523,0.008843952020235024
2021-08-06,8.52560043334961,0.005911194136829945
2021-08-09,8.627900123596191,0.011999118542597387
2021-08-10,8.6489896774292,0.0024443437604626528
2021-08-11,8.598799705505371,-0.005802986683497435
2021-08-12,8.625439643859863,0.0030980996495866275
2021-08-13,8.561189651489258,-0.007448894783739224
2021-08-16,8.512200355529785,-0.005722253326201132
2021-08-17,8.454700469970703,-0.006754996729104068
2021-08-18,8.42667007446289,-0.003315362336888228
2021-08-19,8.453519821166992,0.0031862819437382672
2021-08-20,8.530799865722656,0.009141759431634755
2021-08-23,8.490799903869629,-0.004688887616945525
2021-08-24,8.42650032043457,-0.007572853460573792
2021-08-25,8.411800384521484,-0.0017444888570689043
2021-08-26,8.373379707336426,-0.00456747371891475
2021-08-27,8.376409530639648,0.00036183995102567756
2021-08-30,8.34862995147705,-0.0033164065177310187
2021-08-31,8.367300033569336,0.002236304902816011
2021-09-01,8.304499626159668,-0.007505456617751816
2021-09-02,8.283780097961426,-0.002494976113067038
2021-09-03,8.279580116271973,-0.0005070126970760924
2021-09-06,8.312649726867676,0.003994116867195974
2021-09-07,8.276780128479004,-0.0043150619317852135
2021-09-08,8.344799995422363,0.008218155597647714
2021-09-09,8.472200393676758,0.01526704035139037
2021-09-10,8.440400123596191,-0.0037534841721048595
2021-09-13,8.46660041809082,0.003104153133852261
2021-09-14,8.422100067138672,-0.005255988089040264
2021-09-15,8.430669784545898,0.0010175273790278272
2021-09-16,8.425800323486328,-0.0005775888730094048
2021-09-17,8.529009819030762,0.012249221626667861
2021-09-20,8.635199546813965,0.01245041687562165
2021-09-21,8.668299674987793,0.0038331630895593882
2021-09-22,8.620400428771973,-0.0055257949092406555
2021-09-23,8.656299591064453,0.004164442544068114
2021-09-24,8.756429672241211,0.011567307730443899
2021-09-27,8.858619689941406,0.011670283611612708
2021-09-28,8.814200401306152,-0.005014244903829623
2021-09-29,8.866900444030762,0.005978993025481882
2021-09-30,8.916139602661133,0.005553142153921442
2021-10-01,8.885000228881836,-0.003492472658234602
2021-10-04,8.85260009765625,-0.003646610060882738
2021-10-05,8.847100257873535,-0.0006212682965506255
2021-10-06,8.861960411071777,0.0016796637050673358
2021-10-07,8.866040229797363,0.00046037428924750046
2021-10-08,8.87090015411377,0.000548150492265087
2021-10-11,8.955010414123535,0.009481592459448462
2021-10-12,8.99487018585205,0.004451113944619278
2021-10-13,9.037989616394043,0.00479378019371679
2021-10-14,9.146920204162598,0.012052524111221041
2021-10-15,9.190099716186523,0.004720661278347693
2021-10-18,9.236949920654297,0.005097899469497236
2021-10-19,9.339099884033203,0.0110588413119459
2021-10-20,9.305399894714355,-0.003608483658737116
2021-10-21,9.214960098266602,-0.009719066076797511
2021-10-22,9.531149864196777,0.03431265708786446
2021-10-25,9.674400329589844,0.015029714927805138
2021-10-26,9.586700439453125,-0.009065149998856548
2021-10-27,9.529069900512695,-0.006011509309632457
2021-10-28,9.50570011138916,-0.0024524732599849886
2021-10-29,9.52511978149414,0.002042950006566402
2021-11-01,9.582900047302246,0.006066093354580637
2021-11-02,9.539910316467285,-0.004486087783735493
2021-11-03,9.600799560546875,0.006382580345067446
2021-11-04,9.639599800109863,0.004041355026557669
2021-11-05,9.694029808044434,0.005646500794975973
2021-11-08,9.687740325927734,-0.0006487995437645111
2021-11-09,9.683159828186035,-0.00047281384384756375
2021-11-10,9.72719955444336,0.004548073876580183
2021-11-11,9.843099594116211,0.01191504697977619
2021-11-12,9.920900344848633,0.007904090575181044
2021-11-15,10.029609680175781,0.010957607832800642
2021-11-16,10.057499885559082,0.002780786717794914
2021-11-17,10.34220027923584,0.028307272872609257
2021-11-18,10.730779647827148,0.03757221462549554
2021-11-19,11.03711986541748,0.028547806184088698
2021-11-22,11.105500221252441,0.006195489101211704
2021-11-23,11.406100273132324,0.027067673305217532
2021-11-24,12.818900108337402,0.12386352928467614
2021-11-25,11.913999557495117,-0.07059112273242063
2021-11-26,11.984299659729004,0.005900629918158762
2021-11-29,12.329099655151367,0.02877097579435528
2021-11-30,12.699000358581543,0.030002247834506113
2021-12-01,13.50160026550293,0.06320181780127432
2021-12-02,13.44320011138916,-0.004325424613775941
2021-12-03,13.717100143432617,0.020374615402132257
2021-12-06,13.632049560546875,-0.006200332577324108
2021-12-07,13.783149719238281,0.011084184958416898
2021-12-08,13.520500183105469,-0.019055842930169375
2021-12-09,13.682700157165527,0.011996595677927324
2021-12-10,13.773300170898438,0.006621501070127822
2021-12-13,13.854889869689941,0.00592375812471535
2021-12-14,13.803290367126465,-0.0037242809613636796
2021-12-15,14.377799987792969,0.041621208087800676
2021-12-16,14.81410026550293,0.03034541293385562
2021-12-17,15.660750389099121,0.05715163988512728
2021-12-20,16.608980178833008,0.06054817082034036
2021-12-21,13.475899696350098,-0.18863773987013388
2021-12-22,12.270709991455078,-0.0894329678946365
2021-12-23,12.032299995422363,-0.019429193273961753
2021-12-24,11.413299560546875,-0.051444897077947194
2021-12-27,10.807069778442383,-0.053116084344275616
2021-12-28,11.521050453186035,0.06606607428110434
2021-12-29,11.803119659423828,0.024482941671329028
2021-12-30,12.640299797058105,0.07092871730448458
2021-12-31,13.290499687194824,0.05143864469797199
2022-01-03,13.356599807739258,0.004973486482838574
2022-01-04,13.061699867248535,-0.022078968055915582
2022-01-05,13.411499977111816,0.026780596202519158
2022-01-06,13.687999725341797,0.020616616239932606
2022-01-07,13.782099723815918,0.006874634743008201
2022-01-10,13.749349594116211,-0.002376280128282171
2022-01-11,13.809000015258789,0.004338417663632965
2022-01-12,13.760499954223633,-0.0035122066030534027
2022-01-13,13.243399620056152,-0.03757860076942643
2022-01-14,13.5826997756958,0.02562032147136928
2022-01-17,13.43317985534668,-0.011008114941674862
2022-01-18,13.450599670410156,0.00129677524242644
2022-01-19,13.527700424194336,0.00573214248237508
2022-01-20,13.423600196838379,-0.007695338016931008
2022-01-21,13.354999542236328,-0.005110451264647153
2022-01-24,13.434650421142578,0.005964124420547279
2022-01-25,13.434760093688965,8.163409016992418e-06
2022-01-26,13.476900100708008,0.0031366400832746333
2022-01-27,13.577099800109863,0.007434921877664591
2022-01-28,13.617600440979004,0.002983011207504882
2022-01-31,13.482049942016602,-0.009954066397373063
2022-02-01,13.29580020904541,-0.013814644936950393
2022-02-02,13.350179672241211,0.0040899729494134895
2022-02-03,13.46560001373291,0.008645602106141848
2022-02-04,13.566200256347656,0.007470906793024312
2022-02-07,13.556659698486328,-0.0007032594006464166
2022-02-08,13.570369720458984,0.0010113126889352841
2022-02-09,13.577210426330566,0.0005040913410980785
2022-02-10,13.539199829101562,-0.0027995881359612618
2022-02-11,13.496100425720215,-0.0031833050642112726
2022-02-14,13.505419731140137,0.0006905183813068483
2022-02-15,13.590800285339355,0.006321947477304413
2022-02-16,13.60319995880127,0.0009123578598451143
2022-02-17,13.59570026397705,-0.0005513184285265149
2022-02-18,13.522600173950195,-0.005376706503345097
2022-02-21,13.60807991027832,0.006321249998413103
2022-02-22,13.67549991607666,0.004954409897859113
2022-02-23,13.762280464172363,0.00634569475545721
2022-02-24,13.820500373840332,0.004230396976688144
2022-02-25,14.053000450134277,0.01682284070799822
2022-02-28,14.028840065002441,-0.0017192332141143796
2022-03-01,13.791000366210938,-0.016953625366707192
2022-03-02,13.835200309753418,0.0032049845818853395
2022-03-03,13.982999801635742,0.010682858836393638
2022-03-04,14.113499641418457,0.009332749884431113
2022-03-07,14.239629745483398,0.00893684112867299
2022-03-08,14.378999710083008,0.009787471099367284
2022-03-09,14.491299629211426,0.007809995228643674
2022-03-10,14.659099578857422,0.011579358231455394
2022-03-11,14.838000297546387,0.012204072816790923
2022-03-14,14.75,-0.005930738359732901
2022-03-15,14.774860382080078,0.0016854496325475754
2022-03-16,14.700799942016602,-0.0050125983019982945
2022-03-17,14.557979583740234,-0.009715141954157902
2022-03-18,14.703310012817383,0.009982870785137488
2022-03-21,14.806859970092773,0.007042628985250543
2022-03-22,14.82174015045166,0.0010049517851145051
2022-03-23,14.818300247192383,-0.00023208497952065255
2022-03-24,14.826700210571289,0.000566864163823233
2022-03-25,14.836000442504883,0.0006272624253211845
2022-03-28,14.82759952545166,-0.0005662521436137213
2022-03-29,14.821399688720703,-0.0004181281481412391
2022-03-30,14.569250106811523,-0.017012535064489853
2022-03-31,14.651009559631348,0.005611781815839656
2022-04-01,14.666199684143066,0.0010367971196723058
2022-04-04,14.674039840698242,0.000534573149419959
2022-04-05,14.691499710083008,0.0011898474840132955
2022-04-06,14.717900276184082,0.001796995992380257
2022-04-07,14.699589729309082,-0.0012441004852186133
2022-04-08,14.753700256347656,0.0036810909715856432
2022-04-11,14.74020004272461,-0.0009150391690544435
2022-04-12,14.664600372314453,-0.005128808984344202
2022-04-13,14.581500053405762,-0.0056667291844909595
2022-04-14,14.59060001373291,0.0006240757325253199
2022-04-15,14.622699737548828,0.002200027674372995
2022-04-18,14.621800422668457,-6.150128885307193e-05
2022-04-19,14.640899658203125,0.001306216401713245
2022-04-20,14.652000427246094,0.0007582026584513901
2022-04-21,14.666799545288086,0.0010100407869544359
2022-04-22,14.70398998260498,0.0025356886621419328
2022-04-25,14.747099876403809,0.002931850052253049
2022-04-26,14.771900177001953,0.001681706966522034
2022-04-27,14.799699783325195,0.0018819248702020008
2022-04-28,14.809800148010254,0.0006824709171762144
2022-04-29,14.78888988494873,-0.0014119206776961324
2022-05-02,14.854900360107422,0.004463517929487848
2022-05-03,14.886699676513672,0.002140661709966629
2022-05-04,14.80679988861084,-0.005367192839181634
2022-05-05,14.739700317382812,-0.004531672726909686
2022-05-06,14.865079879760742,0.008506249087715023
2022-05-09,14.940130233764648,0.0050487689680087655
2022-05-10,15.098400115966797,0.010593607935522442
2022-05-11,15.32544994354248,0.015038005737811666
2022-05-12,15.285400390625,-0.0026132709359281137
2022-05-13,15.406800270080566,0.007942211283521461
2022-05-16,15.480199813842773,0.004764100428091167
2022-05-17,15.600299835205078,0.007758299169685623
2022-05-18,15.911999702453613,0.0199803766941149
2022-05-19,15.956299781799316,0.0027840673814789607
2022-05-20,15.902649879455566,-0.003362302230304426
2022-05-23,15.929900169372559,0.0017135691298968414
2022-05-24,15.933099746704102,0.00020085357080223964
2022-05-25,16.09749984741211,0.010318149219018968
2022-05-26,16.347999572753906,0.015561405666487227
2022-05-27,16.360700607299805,0.0007769167407531974
2022-05-30,16.334299087524414,-0.001613715720927722
2022-05-31,16.383499145507812,0.0030120703508469404
2022-06-01,16.377729415893555,-0.0003521671141808458
2022-06-02,16.443700790405273,0.0040281148159462266
2022-06-03,16.48349952697754,0.00242030289163897
2022-06-06,16.508699417114258,0.0015287949076272511
2022-06-07,16.594329833984375,0.005186987460765513
2022-06-08,16.837099075317383,0.014629650233649594
2022-06-09,17.176990509033203,0.020187054325414566
2022-06-10,17.239599227905273,0.003644917824175531
2022-06-13,17.23390007019043,-0.000330585278665807
2022-06-14,17.269100189208984,0.0020424929281932513
2022-06-15,17.251279830932617,-0.001031921645083922
2022-06-16,17.236400604248047,-0.0008624998742349232
2022-06-17,17.296600341796875,0.003492593316378967
2022-06-20,17.33650016784668,0.002306801640862721
2022-06-21,17.31220054626465,-0.0014016451617552272
2022-06-22,17.34600067138672,0.0019523875680473868
2022-06-23,17.342599868774414,-0.0001960568707871646
2022-06-24,17.34589958190918,0.00019026634759100602
2022-06-27,16.668899536132812,-0.03902939957535789
2022-06-28,16.563800811767578,-0.006305078756843829
2022-06-29,16.624500274658203,0.003664585416138344
2022-06-30,16.62820053100586,0.00022257850079832053
2022-07-01,16.6919002532959,0.0038308247588945132
2022-07-04,16.733539581298828,0.002494582843838078
2022-07-05,16.778430938720703,0.002682717377502364
2022-07-06,17.001399993896484,0.013289028991454677
2022-07-07,17.212499618530273,0.012416602439185853
2022-07-08,17.258899688720703,0.002695719460785284
2022-07-11,17.2716007232666,0.0007359121829879633
2022-07-12,17.34469985961914,0.004232331300599634
2022-07-13,17.280500411987305,-0.0037013870606836807
2022-07-14,17.41119956970215,0.007563389635648399
2022-07-15,17.464099884033203,0.003038292342769422
2022-07-18,17.339599609375,-0.007128925938635344
2022-07-19,17.461000442504883,0.007001363114765624
2022-07-20,17.541200637817383,0.004593104248326485
2022-07-21,17.594999313354492,0.0030669893496984013
2022-07-22,17.72047996520996,0.007131608795246214
2022-07-25,17.757299423217773,0.0020777912381662045
2022-07-26,17.829200744628906,0.004049113533396875
2022-07-27,17.871999740600586,0.0024004999766786828
2022-07-28,17.867399215698242,-0.0002574152288001841
2022-07-29,17.945199966430664,0.004354341098735004
2022-08-01,17.922500610351562,-0.0012649263380494213
2022-08-02,17.89349937438965,-0.0016181467414856376
2022-08-03,17.943099975585938,0.002771989992481849
2022-08-04,17.930700302124023,-0.0006910552512545687
2022-08-05,17.941699981689453,0.0006134551010328337
2022-08-08,17.9237003326416,-0.0010032298537051565
2022-08-09,17.93779945373535,0.0007866188807048591
2022-08-10,17.923999786376953,-0.0007693065915911346
2022-08-11,17.870100021362305,-0.0030071281888551793
2022-08-12,17.949100494384766,0.0044208187378931285
2022-08-15,17.940000534057617,-0.0005069869841106689
2022-08-16,17.951860427856445,0.0006610865911800268
2022-08-17,17.90625,-0.002540707579570478
2022-08-18,17.944000244140625,0.00210821607766154
2022-08-19,18.07670021057129,0.007395227631809442
2022-08-22,18.087799072265625,0.0006139871528014762
2022-08-23,18.090999603271484,0.0001769441927716997
2022-08-24,18.120899200439453,0.0016527332830498231
2022-08-25,18.148000717163086,0.0014955944748578087
2022-08-26,18.165800094604492,0.0009807899899725303
2022-08-29,18.167509078979492,9.407702199193402e-05
2022-08-30,18.18000030517578,0.0006875585498258285
2022-08-31,18.15026092529297,-0.001635829449042725
2022-09-01,18.189199447631836,0.0021453422900716834
2022-09-02,18.20709991455078,0.0009841261552210323
2022-09-05,18.211029052734375,0.0002158025276970399
2022-09-06,18.214149475097656,0.00017134794273543363
2022-09-07,18.22620964050293,0.000662131680744249
2022-09-08,18.221200942993164,-0.0002748074124329092
2022-09-09,18.23870086669922,0.0009604154940612286
2022-09-12,18.221399307250977,-0.0009486179731053035
2022-09-13,18.22249984741211,6.039822422931884e-05
2022-09-14,18.246400833129883,0.0013116194769056122
2022-09-15,18.22907066345215,-0.0009497856501249347
2022-09-16,18.27322006225586,0.002421922632195761
2022-09-19,18.25429916381836,-0.0010354441293345396
2022-09-20,18.29290008544922,0.0021146208509263964
2022-09-21,18.310720443725586,0.000974168021097066
2022-09-22,18.315000534057617,0.0002337477842657698
2022-09-23,18.33799934387207,0.001255736234988758
2022-09-26,18.4325008392334,0.0051533154511158585
2022-09-27,18.449499130249023,0.0009221912514141284
2022-09-28,18.442899703979492,-0.0003577021914221712
2022-09-29,18.523300170898438,0.004359426565747615
2022-09-30,18.497499465942383,-0.0013928784135663896
2022-10-03,18.516199111938477,0.001010928316582671
2022-10-04,18.523700714111328,0.0004051372599473968
2022-10-05,18.569700241088867,0.0024832795394116314
2022-10-06,18.54833984375,-0.001150282291127347
2022-10-07,18.575300216674805,0.0014535194606049018
2022-10-10,18.577999114990234,0.0001452950037925671
2022-10-11,18.583099365234375,0.00027453173038560763
2022-10-12,18.5841007232666,5.38854155889279e-05
2022-10-13,18.509899139404297,-0.0039927454638365445
2022-10-14,18.552900314331055,0.0023231447455711596
2022-10-17,18.58690071105957,0.0018326189518871328
2022-10-18,18.54891014099121,-0.0020439432404001368
2022-10-19,18.57990074157715,0.0016707504834718723
2022-10-20,18.59309959411621,0.0007103833719372954
2022-10-21,18.5856990814209,-0.0003980246896356787
2022-10-24,18.554330825805664,-0.0016877630202563054
2022-10-25,18.59079933166504,0.001965498308818203
2022-10-26,18.606800079345703,0.0008606809957552031
2022-10-27,18.59040069580078,-0.0008813650641157356
2022-10-28,18.60890007019043,0.0009951035855739754
2022-10-31,18.572969436645508,-0.0019308305923184665
2022-11-01,18.616670608520508,0.002352944800995349
2022-11-02,18.604299545288086,-0.0006645153417904615
2022-11-03,18.614999771118164,0.0005751480083424632
2022-11-04,18.60919952392578,-0.0003115899685038892
2022-11-07,18.60007095336914,-0.000490540742760226
2022-11-08,18.444000244140625,-0.008390866337004255
2022-11-09,18.54050064086914,0.005232075225067856
2022-11-10,18.585039138793945,0.002402227360928322
2022-11-11,18.482650756835938,-0.0055091830150781895
2022-11-14,18.491619110107422,0.0004852309005605182
2022-11-15,18.591100692749023,0.005379820017340942
2022-11-16,18.60770034790039,0.0008928817839086722
2022-11-17,18.603679656982422,-0.00021607672322720983
2022-11-18,18.599199295043945,-0.00024083203006530773
2022-11-21,18.610429763793945,0.0006038146358802177
2022-11-22,18.60059928894043,-0.000528223957118934
2022-11-23,18.61210060119629,0.0006183301987854328
2022-11-24,18.608999252319336,-0.00016663078195233716
2022-11-25,18.626800537109375,0.000956595491711898
2022-11-28,18.59602928161621,-0.001651988243061897
2022-11-29,18.618499755859375,0.0012083479705733424
2022-11-30,18.63990020751953,0.0011494186932770045
2022-12-01,18.6299991607666,-0.0005311748798384475
2022-12-02,18.632600784301758,0.0001396470022734242
2022-12-05,18.630699157714844,-0.00010205910645155747
2022-12-06,18.62459945678711,-0.0003274005380098366
2022-12-07,18.62660026550293,0.00010742828163712304
2022-12-08,18.62697982788086,2.037743724137009e-05
2022-12-09,18.638530731201172,0.0006201168105106625
2022-12-12,18.635610580444336,-0.00015667279781594878
2022-12-13,18.617900848388672,-0.0009503167057079986
2022-12-14,18.629499435424805,0.0006229803848771809
2022-12-15,18.607770919799805,-0.001166349944093592
2022-12-16,18.64459991455078,0.001979226577418114
2022-12-19,18.622900009155273,-0.0011638707987814412
2022-12-20,18.645200729370117,0.0011974891238142327
2022-12-21,18.636680603027344,-0.0004569608268872871
2022-12-22,18.654800415039062,0.0009722660594813082
2022-12-23,18.66963005065918,0.0007949501088289068
2022-12-26,18.623430252075195,-0.002474596360968251
2022-12-27,18.65679931640625,0.0017917786293604188
2022-12-28,18.656999588012695,1.0734510408116904e-05
2022-12-29,18.69367027282715,0.001965518873571437
2022-12-30,18.70298957824707,0.0004985273241642219
2023-01-02,18.644729614257812,-0.0031150080977973005
2023-01-03,18.74329948425293,0.005286741724574995
2023-01-04,18.70686912536621,-0.0019436470573030995
2023-01-05,18.735950469970703,0.0015545810691035555
2023-01-06,18.766599655151367,0.0016358489647902985
2023-01-09,18.768489837646484,0.00010072056365295623
2023-01-10,18.758499145507812,-0.0005323119880765725
2023-01-11,18.754459381103516,-0.00021535648310455624
2023-01-12,18.773399353027344,0.0010098916497114363
2023-01-13,18.77869987487793,0.00028234214544275993
2023-01-16,18.783069610595703,0.0002326963925558534
2023-01-17,18.779090881347656,-0.0002118252942959753
2023-01-18,18.75263023376465,-0.0014090483799346076
2023-01-19,18.763029098510742,0.0005545283310375293
2023-01-20,18.792699813842773,0.0015813393016794741
2023-01-23,18.793350219726562,3.460949678513181e-05
2023-01-24,18.719240188598633,-0.003943417765404078
2023-01-25,18.795230865478516,0.004059495797600121
2023-01-26,18.804000854492188,0.00046660714499546785
2023-01-27,18.81049919128418,0.000345582668405342
2023-01-30,18.798599243164062,-0.000632622664561211
2023-01-31,18.808000564575195,0.0005001075500108421
2023-02-01,18.804000854492188,-0.00021266003631137398
2023-02-02,18.807449340820312,0.00018339109611886784
2023-02-03,18.80525016784668,-0.00011693095293152656
2023-02-06,18.825319290161133,0.0010672084729170805
2023-02-07,18.829099655151367,0.00020081279536166008
2023-02-08,18.831600189208984,0.0001328015732782184
2023-02-09,18.832359313964844,4.0311218814759187e-05
2023-02-10,18.829700469970703,-0.0001411848589872866
2023-02-13,18.82975959777832,3.140135325541138e-06
2023-02-14,18.837459564208984,0.0004089253710690688
2023-02-15,18.84394073486328,0.00034405757486588584
2023-02-16,18.85038948059082,0.0003422185315840043
2023-02-17,18.854820251464844,0.0002350493011609167
2023-02-20,18.85346031188965,-7.212689153535123e-05
2023-02-21,18.863500595092773,0.000532543259275986
2023-02-22,18.862699508666992,-4.24675378646322e-05
2023-02-23,18.875200271606445,0.000662723961313727
2023-02-24,18.86302947998047,-0.000644803310738129
2023-02-27,18.882020950317383,0.0010068091319621608
2023-02-28,18.884199142456055,0.00011535799819317738
2023-03-01,18.882400512695312,-9.524522311876726e-05
2023-03-02,18.883399963378906,5.293027668384909e-05
2023-03-03,18.885700225830078,0.00012181399830701878
2023-03-06,18.88681983947754,5.928367145902058e-05
2023-03-07,18.869890213012695,-0.0008963725290298541
2023-03-08,18.918100357055664,0.0025548714644731962
2023-03-09,18.940799713134766,0.0011998750218404908
2023-03-10,18.951900482177734,0.0005860771039816193
2023-03-13,18.961389541625977,0.0005006917093706154
2023-03-14,18.97100067138672,0.0005068789784441474
2023-03-15,18.974899291992188,0.00020550421524934137
2023-03-16,18.98699951171875,0.0006376961237242185
2023-03-17,19.00200080871582,0.0007900825503162068
2023-03-20,19.00787925720215,0.0003093594482761475
2023-03-21,19.00881004333496,4.896843673174445e-05
2023-03-22,19.033199310302734,0.0012830506966070576
2023-03-23,19.043899536132812,0.0005621874523367154
2023-03-24,19.057199478149414,0.0006983833322249389
2023-03-27,19.0802001953125,0.0012069305980375589
2023-03-28,19.092580795288086,0.000648871597197731
2023-03-29,19.12070083618164,0.0014728255543374758
2023-03-30,19.14689064025879,0.0013697094212985483
2023-03-31,19.17569923400879,0.001504609510299515
2023-04-03,19.193479537963867,0.0009272310614647505
2023-04-04,19.20479965209961,0.0005897895748059323
2023-04-05,19.216999053955078,0.000635226718136428
2023-04-06,19.250099182128906,0.0017224400168254217
2023-04-07,19.250699996948242,3.121099863712118e-05
2023-04-10,19.245399475097656,-0.00027534177206156585
2023-04-11,19.265300750732422,0.0010340796334478153
2023-04-12,19.291040420532227,0.0013360637413784016
2023-04-13,19.308759689331055,0.0009185232321615722
2023-04-14,19.335100173950195,0.0013641727921911428
2023-04-17,19.378299713134766,0.002234254738580077
2023-04-18,19.385299682617188,0.0003612272276745099
2023-04-19,19.399599075317383,0.0007376410442092585
2023-04-20,19.3981990814209,-7.216612524052479e-05
2023-04-21,19.404260635375977,0.0003124802426057727
2023-04-24,19.405170440673828,4.688688298659649e-05
2023-04-25,19.402700424194336,-0.00012728651299631633
2023-04-26,19.41783905029297,0.0007802329452943901
2023-04-27,19.423099517822266,0.00027090900875581525
2023-04-28,19.43549919128418,0.0006383982870774574
2023-05-01,19.449499130249023,0.0007203282419996349
2023-05-02,19.452049255371094,0.00013111520790287656
2023-05-03,19.473539352416992,0.0011047729092072966
2023-05-04,19.474889755249023,6.934552613135914e-05
2023-05-05,19.487199783325195,0.0006320974460383155
2023-05-08,19.499000549316406,0.0006055649925296169
2023-05-09,19.50189971923828,0.00014868300118986433
2023-05-10,19.520000457763672,0.0009281525792861345
2023-05-11,19.53969955444336,0.001009175011153829
2023-05-12,19.565799713134766,0.0013357502564808055
2023-05-15,19.628000259399414,0.003179044413037291
2023-05-16,19.67970085144043,0.002634022384234269
2023-05-17,19.731300354003906,0.00262196579881957
2023-05-18,19.764400482177734,0.0016775441851257789
2023-05-19,19.806859970092773,0.0021482810952615505
2023-05-22,19.815900802612305,0.0004564495600605234
2023-05-23,19.84454917907715,0.0014457266793073131
2023-05-24,19.863929748535156,0.0009766192863902567
2023-05-25,19.907100677490234,0.002173332744406231
2023-05-26,19.97439956665039,0.003380647450899499
2023-05-29,19.989200592041016,0.0007409997652865208
2023-05-30,20.1270809173584,0.006897740841736333
2023-05-31,20.611600875854492,0.024073036745145826
2023-06-01,20.786399841308594,0.008480610822368062
2023-06-02,20.890199661254883,0.004993641070061949
2023-06-05,21.080299377441406,0.009099947308742085
2023-06-06,21.269500732421875,0.008975268879859444
2023-06-07,21.93440055847168,0.03126071619707904
2023-06-08,23.295530319213867,0.06205456844438273
2023-06-09,23.498699188232422,0.008721366984763668
2023-06-12,23.645999908447266,0.006268462736380265
2023-06-13,23.66010093688965,0.0005963388521095236
2023-06-14,23.638500213623047,-0.0009129598949817463
2023-06-15,23.568500518798828,-0.002961257871338052
2023-06-16,23.650800704956055,0.0034919568214186736
2023-06-19,23.548500061035156,-0.0043254621776700475
2023-06-20,23.601499557495117,0.0022506527516654717
2023-06-21,23.572099685668945,-0.0012456781296693586
2023-06-22,23.554800033569336,-0.0007339037391788095
2023-06-23,24.885099411010742,0.056476785009659025
2023-06-26,25.317800521850586,0.017387959906979056
2023-06-27,25.960159301757812,0.025371824039487123
2023-06-28,25.989990234375,0.0011491043745315288
2023-06-29,26.055500030517578,0.002520577943732061
2023-06-30,26.03860092163086,-0.0006485812541277003
2023-07-03,25.422399520874023,-0.02366491973249385
2023-07-04,25.864200592041016,0.017378417438693505
2023-07-05,25.978099822998047,0.004403740627966002
2023-07-06,26.085599899291992,0.004138103903918999
2023-07-07,26.12980079650879,0.0016944558448892533
2023-07-10,26.137800216674805,0.0003061416437237785
2023-07-11,26.037189483642578,-0.003849242560513666
2023-07-12,26.110000610351562,0.00279642803823843
2023-07-13,26.199600219726562,0.0034316203477788854
2023-07-14,26.057199478149414,-0.005435225743251282
2023-07-17,26.25,0.0073991267562065755
2023-07-18,26.382200241088867,0.005036199660528373
2023-07-19,26.947799682617188,0.021438675939068563
2023-07-20,26.820499420166016,-0.004723957575404114
2023-07-21,26.850500106811523,0.0011185730055029985
2023-07-24,26.95199966430664,0.0037801738176701516
2023-07-25,26.96940040588379,0.0006456196866235775
2023-07-26,26.923500061035156,-0.0017019416137490362
2023-07-27,26.895700454711914,-0.0010325405783133679
2023-07-28,26.9552001953125,0.0022122398597044235
2023-07-31,26.84040069580078,-0.004258899903540003
2023-08-01,26.925979614257812,0.0031884366938836894
2023-08-02,26.973499298095703,0.0017648265548240172
2023-08-03,26.962299346923828,-0.00041522054843901035
2023-08-04,26.963289260864258,3.671474482547232e-05
2023-08-07,26.994300842285156,0.0011501408867764518
2023-08-08,27.005399703979492,0.00041115573836059127
2023-08-09,26.925180435180664,-0.0029704899641610494
2023-08-10,26.94700050354004,0.0008103963652872359
2023-08-11,27.05120086669922,0.0038668631466234338
2023-08-14,27.112199783325195,0.0022549430218112843
2023-08-15,27.055400848388672,-0.0020949585570498863
2023-08-16,27.047889709472656,-0.00027762068498282666
2023-08-17,27.073659896850586,0.0009527614780573401
2023-08-18,27.125,0.001896311889305613
2023-08-21,27.138399124145508,0.000493976927023354
2023-08-22,27.20549964904785,0.002472530697016806
2023-08-23,27.20490074157715,-2.2014205893206018e-05
2023-08-24,27.19339942932129,-0.00042276619073566835
2023-08-25,25.905399322509766,-0.047364438938911624
2023-08-28,26.353700637817383,0.017305323485906632
2023-08-29,26.309499740600586,-0.0016772178535475746
2023-08-30,26.54829978942871,0.009076571245465903
2023-08-31,26.681299209594727,0.005009715168990736
2023-09-01,26.68790054321289,0.00024741424944507706
2023-09-04,26.577299118041992,-0.004144253497640693
2023-09-05,26.77120018005371,0.007295739915125221
2023-09-06,26.78059959411621,0.00035110170628449566
2023-09-07,26.816499710083008,0.0013405269676891596
2023-09-08,26.85810089111328,0.001551327782522982
2023-09-11,26.665090560913086,-0.007186298501993371
2023-09-12,26.866870880126953,0.007567209222594906
2023-09-13,26.919200897216797,0.001947752580615969
2023-09-14,26.885499954223633,-0.0012519295473086833
2023-09-15,26.944400787353516,0.0021908029692647712
2023-09-18,26.786020278930664,-0.005878049011844744
2023-09-19,26.987499237060547,0.0075217951764323665
2023-09-20,27.018299102783203,0.00114126416279281
2023-09-21,27.02280044555664,0.0001666034844129971
2023-09-22,27.104780197143555,0.003033725233329454
2023-09-25,27.178089141845703,0.0027046500347520652
2023-09-26,27.207380294799805,0.0010777487998228086
2023-09-27,27.34280014038086,0.004977320275371566
2023-09-28,27.332799911499023,-0.00036573536106376814
2023-09-29,27.458900451660156,0.004613524431065663
2023-10-02,27.48110008239746,0.0008084675778037287
2023-10-03,27.461999893188477,-0.0006950300079587857
2023-10-04,27.527599334716797,0.002388735044187129
2023-10-05,27.55459976196289,0.0009808493257179585
2023-10-06,27.582599639892578,0.0010161598488662715
2023-10-09,27.71269989013672,0.004716750848095419
2023-10-10,27.71969985961914,0.0002525906717920634
2023-10-11,27.727500915527344,0.0002814264204775707
2023-10-12,27.718799591064453,-0.0003138156766958611
2023-10-13,27.842300415039062,0.004455489624248354
2023-10-16,27.706300735473633,-0.004884642344135104
2023-10-17,27.87019920349121,0.005915566628053259
2023-10-18,27.96139907836914,0.003272307966371013
2023-10-19,28.019559860229492,0.002080038330604994
2023-10-20,28.02429962158203,0.00016915902234670988
2023-10-23,28.04990005493164,0.0009135084086060452
2023-10-24,28.081710815429688,0.0011340774988770619
2023-10-25,28.122499465942383,0.0014524987733397499
2023-10-26,28.1481990814209,0.0009138453539536684
2023-10-27,28.16670036315918,0.0006572811882126217
2023-10-30,28.202829360961914,0.0012826847780149642
2023-10-31,28.257369995117188,0.0019338710119194413
2023-11-01,28.302400588989258,0.0015935875801551536
2023-11-02,28.32309913635254,0.0007313353967342007
2023-11-03,28.35890007019043,0.0012640189431791793
2023-11-06,28.383150100708008,0.0008551118152522186
2023-11-07,28.447599411010742,0.0022706891262618267
2023-11-08,28.49519920349121,0.0016732446134644086
2023-11-09,28.517309188842773,0.0007759196625953813
2023-11-10,28.525800704956055,0.0002977670879482641
2023-11-13,28.513660430908203,-0.00042558924720181857
2023-11-14,28.60610008239746,0.003241942637047579
2023-11-15,28.641199111938477,0.001226977093693904
2023-11-16,28.679689407348633,0.0013438786295127958
2023-11-17,28.701900482177734,0.0007744531160580603
2023-11-20,28.647829055786133,-0.0018838970759158524
2023-11-21,28.777830123901367,0.0045379029546037675
2023-11-22,28.79397964477539,0.0005611792412594241
2023-11-23,28.83180046081543,0.001313497352801729
2023-11-24,28.840700149536133,0.0003086761346311473
2023-11-27,28.842559814453125,6.448057458219303e-05
2023-11-28,28.909400939941406,0.0023174477549245953
2023-11-29,28.91860008239746,0.00031820591769315953
2023-11-30,28.940919876098633,0.000771814459813891
2023-12-01,28.88640022277832,-0.0018838258615732073
2023-12-04,28.89620018005371,0.00033925851611171787
2023-12-05,28.917800903320312,0.0007475281570590298
2023-12-06,28.91469955444336,-0.00010724705129971923
2023-12-07,28.914899826049805,6.926290417430536e-06
2023-12-08,28.91069984436035,-0.00014525319868718967
2023-12-11,28.876100540161133,-0.0011967646714013958
2023-12-12,28.96109962463379,0.002943579045738387
2023-12-13,29.027099609375,0.002278918466378732
2023-12-14,28.99180030822754,-0.0012160808907019094
2023-12-15,28.976600646972656,-0.0005242744877270722
2023-12-18,28.84041976928711,-0.004699684388264291
2023-12-19,29.0386905670166,0.006874754227420565
2023-12-20,29.088720321655273,0.001722865379319094
2023-12-21,29.125499725341797,0.0012643871328756884
2023-12-22,29.10354995727539,-0.0007536271745857137
2023-12-25,28.833330154418945,-0.009284771213585064
2023-12-26,29.311399459838867,0.016580440166279464
2023-12-27,29.30590057373047,-0.00018760230523739985
2023-12-28,29.38789939880371,0.002798031231524334
2023-12-29,29.519800186157227,0.004488268642939719
2024-01-01,29.018070220947266,-0.016996387578708583
2024-01-02,29.428199768066406,0.014133591379315025
2024-01-03,29.74485969543457,0.010760424690054782
2024-01-04,29.77907943725586,0.0011504421998178582
2024-01-05,29.840900421142578,0.0020759870706203998
2024-01-08,29.78428077697754,-0.0018973839048409546
2024-01-09,29.91390037536621,0.004351946564003173
2024-01-10,29.96179962158203,0.0016012370708857748
2024-01-11,29.85420036315918,-0.003591214806247689
2024-01-12,30.06089973449707,0.006923627791852072
2024-01-15,30.06355094909668,8.81947853532683e-05
2024-01-16,30.07284927368164,0.000309288965921084
2024-01-17,30.118099212646484,0.0015046774767843996
2024-01-18,30.137819290161133,0.0006547583688936154
2024-01-19,30.153600692749023,0.0005236411578406486
2024-01-22,30.191360473632812,0.0012522478250125424
2024-01-23,30.2587890625,0.0022333736476061183
2024-01-24,30.279499053955078,0.000684428957560046
2024-01-25,30.24799919128418,-0.00104030329612681
2024-01-26,30.297300338745117,0.0016298978041213719
2024-01-29,30.324670791625977,0.000903395767109183
2024-01-30,30.34501075744629,0.000670739872497883
2024-01-31,30.358400344848633,0.00044124510316922994
2024-02-01,30.359800338745117,4.6115535752289105e-05
2024-02-02,30.44300079345703,0.00274048095783197
2024-02-05,30.300920486450195,-0.004667092707804743
2024-02-06,30.536800384521484,0.007784578629443484
2024-02-07,30.541120529174805,0.00014147338944892063
2024-02-08,30.59149932861328,0.0016495399829994373
2024-02-09,30.668399810791016,0.0025137859819053254
2024-02-12,30.64838981628418,-0.0006524629465601839
2024-02-13,30.712900161743164,0.0021048526805380607
2024-02-14,30.722900390625,0.00032560353562094413
2024-02-15,30.750099182128906,0.0008852937436925057
2024-02-16,30.815000534057617,0.002110606263228787
2024-02-19,30.80282974243164,-0.0003949632132093095
2024-02-20,30.867900848388672,0.002112504159557549
2024-02-21,30.904909133911133,0.0011989245949775018
2024-02-22,31.01650047302246,0.003610796544581296
2024-02-23,31.07349967956543,0.0018377059201939439
2024-02-26,31.093120574951172,0.0006314350037195382
2024-02-27,31.115520477294922,0.000720413452543367
2024-02-28,31.14579963684082,0.0009731207796441765
2024-02-29,31.208839416503906,0.0020240218712677116
2024-03-01,31.279409408569336,0.00226121808387747
2024-03-04,31.390369415283203,0.003547381770049318
2024-03-05,31.571300506591797,0.005763904492965377
2024-03-06,31.688119888305664,0.0037001764209705357
2024-03-07,31.79730987548828,0.0034457704517494303
2024-03-08,31.93320083618164,0.0042736621816588105
2024-03-11,31.996360778808594,0.0019778769735914192
2024-03-12,32.03739929199219,0.001282599401453588
2024-03-13,32.093780517578125,0.0017598565062062477
2024-03-14,32.1185302734375,0.0007711698484951235
2024-03-15,32.19306945800781,0.0023207532827851374
2024-03-18,32.28765106201172,0.0029379492417545006
2024-03-19,32.33330154418945,0.00141386817176814
2024-03-20,32.373348236083984,0.0012385586989871467
2024-03-21,32.41749954223633,0.0013638164897362692
2024-03-22,32.15650177001953,-0.008051138301914618
2024-03-25,32.08531188964844,-0.002213856497209732
2024-03-26,32.16780090332031,0.0025709275931484754
2024-03-27,32.208499908447266,0.0012652094325400487
2024-03-28,32.29970169067383,0.0028316060197091097
2024-03-29,32.449100494384766,0.004625392678288209
2024-04-01,32.42340087890625,-0.0007919977776568166
2024-04-02,32.26240158081055,-0.004965527789543067
2024-04-03,32.052101135253906,-0.006518437414830491
2024-04-04,31.94529914855957,-0.003332136830707322
2024-04-05,31.944990158081055,-9.67248661776221e-06
2024-04-08,32.007598876953125,0.0019598916312777437
2024-04-09,32.15650177001953,0.004652110695301914
2024-04-10,32.22426986694336,0.0021074461833099356
2024-04-11,32.2859992980957,0.0019156192338021238
2024-04-12,32.4182014465332,0.004094720662565887
2024-04-15,32.39690017700195,-0.0006570774620665576
2024-04-16,32.40700912475586,0.00031203441374572094
2024-04-17,32.51139831542969,0.003221191757374564
2024-04-18,32.47119903564453,-0.0012364672658843334
2024-04-19,32.56330108642578,0.00283642284598562
2024-04-22,32.60334014892578,0.0012295762764877871
2024-04-23,32.56460189819336,-0.001188168161773362
2024-04-24,32.510520935058594,-0.00166072852061383
2024-04-25,32.56671905517578,0.0017286133381082536
2024-04-26,32.535301208496094,-0.0009647225017189731
2024-04-29,32.53120040893555,-0.00012604154282347402
2024-04-30,32.36991882324219,-0.004957750825852036
2024-05-01,32.40330123901367,0.0010312789461650596
2024-05-02,32.27299880981445,-0.0040212701859628774
2024-05-03,32.40330123901367,0.004037506088823584
2024-05-06,32.302398681640625,-0.003113959180540582
2024-05-07,32.28260040283203,-0.0006129042924557515
2024-05-08,32.25619888305664,-0.0008178250650797692
2024-05-09,32.3484992980957,0.002861478358739511
2024-05-10,32.28310012817383,-0.0020217064575148713
2024-05-13,32.18122863769531,-0.0031555671566254606
2024-05-14,32.25170135498047,0.0021898703147278376
2024-05-15,32.28120040893555,0.0009146510948490061
2024-05-16,32.160499572753906,-0.003739044231708011
2024-05-17,32.262901306152344,0.003184084039701718
2024-05-20,32.232601165771484,-0.0009391635331655879
2024-05-21,32.212100982666016,-0.000636007717777276
2024-05-22,32.19089889526367,-0.0006582025622530185
2024-05-23,32.15095138549805,-0.0012409566410555017
2024-05-24,32.22200012207031,0.002209848651766988
2024-05-27,32.220001220703125,-6.20352976108407e-05
2024-05-28,32.108001708984375,-0.0034760865138262487
2024-05-29,32.24089813232422,0.004139043735713388
2024-05-30,32.260101318359375,0.0005956157287039243
2024-05-31,32.24380111694336,-0.0005052743404354576
2024-06-03,32.235801696777344,-0.000248091722716004
2024-06-04,32.1786003112793,-0.0017744675946360644
2024-06-05,32.6338005065918,0.014146053305896578
2024-06-06,32.27439880371094,-0.011013173375508667
2024-06-07,32.28879928588867,0.00044618901394000154
2024-06-10,32.40610122680664,0.0036328988228817582
2024-06-11,32.3828010559082,-0.0007190056815339352
2024-06-12,32.364898681640625,-0.0005528358784241405
2024-06-13,32.32870101928711,-0.0011184234719712194
2024-06-14,32.4901008605957,0.004992462926744379
2024-06-17,32.65732955932617,0.005147066161720781
2024-06-18,32.819400787353516,0.004962782634535978
2024-06-19,32.55110168457031,-0.00817501527592146
2024-06-20,32.513301849365234,-0.0011612459563233868
2024-06-21,32.829498291015625,0.00972514090126353
2024-06-24,32.82630157470703,-9.737329155190544e-05
2024-06-25,32.92097091674805,0.0028839478558242426
2024-06-26,32.94459915161133,0.000717725942015246
2024-06-27,32.8385009765625,-0.003220502837523176
2024-06-28,32.88779830932617,0.001501205332084421
2024-07-01,32.77050018310547,-0.0035666153482655227
2024-07-02,32.64820098876953,-0.0037319904686407
2024-07-03,32.54359817504883,-0.0032039380594565126
2024-07-04,32.53403854370117,-0.0002937484446629002
2024-07-05,32.63800048828125,0.003195482308181008
2024-07-08,32.674598693847656,0.0011213372455076698
2024-07-09,32.71730041503906,0.0013068782142211521
2024-07-10,32.90380096435547,0.005700364851333406
2024-07-11,32.879798889160156,-0.0007294620831591603
2024-07-12,32.94902038574219,0.002105289537061461
2024-07-15,33.084800720214844,0.004120921741619155
2024-07-16,33.01750183105469,-0.0020341331274525976
2024-07-17,33.04050064086914,0.0006965642019840512
2024-07-18,33.07957077026367,0.0011824920517760074
2024-07-19,33.088138580322266,0.00025900608318329965
2024-07-22,32.997840881347656,-0.0027290051011908956
2024-07-23,32.92620086669922,-0.002171051582012251
2024-07-24,32.84090042114258,-0.002590655566428013
2024-07-25,32.856300354003906,0.00046892541507226326
2024-07-26,33.11650085449219,0.007919348730222264
2024-07-29,33.02399826049805,-0.0027932478253236415
2024-07-30,33.05550003051758,0.0009539053924070284
2024-07-31,33.0984992980957,0.0013008203638857907
2024-08-01,33.17599868774414,0.0023414774473746736
2024-08-02,33.1593017578125,-0.0005032834154834465
2024-08-05,33.24509811401367,0.0025873993616574165
2024-08-06,33.39419937133789,0.004484909529004266
2024-08-07,33.61920166015625,0.006737765631580794
2024-08-08,33.5123291015625,-0.003178914231042218
2024-08-09,33.532649993896484,0.0006063706366812305
2024-08-12,33.523101806640625,-0.00028474299697744954
2024-08-13,33.453819274902344,-0.0020667100597641097
2024-08-14,33.509498596191406,0.0016643636659696703
2024-08-15,33.5921516418457,0.0024665557264915705
2024-08-16,33.638179779052734,0.0013702050912896002
2024-08-19,33.6880989074707,0.0014840020698461132
2024-08-20,33.7588005065918,0.0020987114563895126
2024-08-21,33.8985595703125,0.00413992978492872
2024-08-22,33.92499923706055,0.0007799643136223722
2024-08-23,33.95750045776367,0.0009580315824331276
2024-08-26,34.02239990234375,0.0019111961630038365
2024-08-27,34.025299072265625,8.521356312884976e-05
2024-08-28,34.01723098754883,-0.00023712017048438394
2024-08-29,34.139400482177734,0.0035914003310153486
2024-08-30,34.07733917236328,-0.0018178793106472524
2024-09-02,34.07080078125,-0.00019186917969771233
2024-09-03,33.91339874267578,-0.004619851455350599
2024-09-04,33.99760055541992,0.0024828479558489658
2024-09-05,34.03670120239258,0.001150100193362702
2024-09-06,33.98500061035156,-0.001518966004771971
2024-09-09,33.99654006958008,0.0003395456531196661
2024-09-10,34.095699310302734,0.0029167450722840105
2024-09-11,34.04439926147461,-0.0015045900176807736
2024-09-12,33.99919891357422,-0.0013276882212910346
2024-09-13,33.97460174560547,-0.0007234631625079313
2024-09-16,33.95515823364258,-0.0005722955079350278
2024-09-17,33.979469299316406,0.0007159756260461947
2024-09-18,34.06909942626953,0.0026377730082713935
2024-09-19,34.07080078125,4.9938360834778095e-05
2024-09-20,34.08000183105469,0.000270056752224912
2024-09-23,34.05575180053711,-0.0007115618901017973
2024-09-24,34.14970016479492,0.0027586636409633325
2024-09-25,34.112300872802734,-0.0010951572579469548
2024-09-26,34.160709381103516,0.0014190924406209948
2024-09-27,34.17539978027344,0.00043003788375806096
2024-09-30,34.1490592956543,-0.0007707440085117367
2024-10-01,34.20399856567383,0.0016088077139659873
2024-10-02,34.18619918823242,-0.0005203887904283722
2024-10-03,34.23059844970703,0.0012987481068060802
2024-10-04,34.22679901123047,-0.0001109953856677226
2024-10-07,34.22624969482422,-1.604930703769103e-05
2024-10-08,34.24570846557617,0.0005685335356766519
2024-10-09,34.26350021362305,0.0005195321937858655
2024-10-10,34.25619888305664,-0.00021309354038212547
2024-10-11,34.25233840942383,-0.0001126941621862887
2024-10-14,34.27619934082031,0.0006966219681492358
2024-10-15,34.25215148925781,-0.0007015903753909702
2024-10-16,34.19478988647461,-0.0016746861230364507
2024-10-17,34.16460037231445,-0.0008828688306138366
2024-10-18,34.19219970703125,0.0008078342616635314
2024-10-21,34.276100158691406,0.002453789237868209
2024-10-22,34.24570083618164,-0.0008868956027384689
2024-10-23,34.25310134887695,0.000216100488955151
2024-10-24,34.26839828491211,0.00044658543118036853
2024-10-25,34.28770065307617,0.0005632702177551518
2024-10-28,34.28334045410156,-0.00012716510269161763
2024-10-29,34.28770065307617,0.00012718127571154092
2024-10-30,34.27479934692383,-0.00037626629685316715
2024-10-31,34.283199310302734,0.00024507695271624996
2024-11-01,34.29376983642578,0.0003083296289640991
2024-11-04,34.32815170288086,0.0010025688811428068
2024-11-05,34.34980010986328,0.0006306313013819675
2024-11-06,34.307498931884766,-0.0012314825077066605
2024-11-07,34.20090103149414,-0.00310713120190631
2024-11-08,34.340030670166016,0.004068010914208164
2024-11-11,34.35115051269531,0.0003238157425105026
2024-11-12,34.32659912109375,-0.0007147181749411757
2024-11-13,34.37080001831055,0.001287657337124104
2024-11-14,34.34519958496094,-0.0007448308836561779
2024-11-15,34.29668045043945,-0.0014126904227608206
2024-11-18,34.34925842285156,0.001533033859882904
2024-11-19,34.571998596191406,0.0064845700771130055
2024-11-20,34.499298095703125,-0.0021028723660856397
2024-11-21,34.4692497253418,-0.000870984977084821
2024-11-22,34.527099609375,0.00167830412597203
2024-11-25,34.420040130615234,-0.003100737680575283
2024-11-26,34.597530364990234,0.005156595800047681
2024-11-27,34.65359878540039,0.0016205902507679948
2024-11-28,34.63650131225586,-0.0004933823251781488
2024-11-29,34.64836883544922,0.00034263054130012627
2024-12-02,34.693389892578125,0.0012993701764927312
2024-12-03,34.74789810180664,0.0015711410558982841
2024-12-04,34.74760055541992,-8.563003892958498e-06
2024-12-05,34.73649978637695,-0.0003194686500802568
2024-12-06,34.76679992675781,0.0008722853645934947
2024-12-09,34.77888107299805,0.0003474908897478368
2024-12-10,34.81956100463867,0.0011696733875721232
2024-12-11,34.84510040283203,0.0007334784660253391
2024-12-12,34.86470031738281,0.0005624869586884351
2024-12-13,34.94660186767578,0.002349125320091572
2024-12-16,34.95014953613281,0.00010151683618531138
2024-12-17,34.956600189208984,0.00018456725255222572
2024-12-18,35.009300231933594,0.0015075849035477429
2024-12-19,35.04899978637695,0.0011339716641107778
2024-12-20,35.1396484375,0.0025863405996047195
2024-12-23,35.13113021850586,-0.0002424104785593295
2024-12-24,35.23160171508789,0.002859899352999129
2024-12-25,34.883888244628906,-0.009869363115276086
2024-12-26,35.11949157714844,0.0067539298047087915
2024-12-27,35.23429870605469,0.0032690430228481393
2024-12-30,35.1602897644043,-0.0021004800540467272
2024-12-31,35.30524826049805,0.004122790143797461
2025-01-02,35.374000549316406,0.0019473673803700464
2025-01-03,35.3922004699707,0.0005144999256989635
2025-01-06,35.28929901123047,-0.0029074614568693757
2025-01-07,35.34479904174805,0.0015727155844018625
2025-01-08,35.32183074951172,-0.0006498351344196296
2025-01-09,35.34980010986328,0.0007918434508649153
2025-01-10,35.38059997558594,0.0008712882569896774
2025-01-13,35.39105987548828,0.00029563941565613483
2025-01-14,35.48419952392578,0.002631728147311163
2025-01-15,35.469398498535156,-0.00041711594425697385
2025-01-16,35.472900390625,9.872995421633668e-05
2025-01-17,35.54610061645508,0.002063553445700972
2025-01-20,35.547271728515625,3.294628778505171e-05
2025-01-21,35.580101013183594,0.0009235387997901245
2025-01-22,35.6348991394043,0.0015401340822611687
2025-01-23,35.64469909667969,0.00027501010279418203
2025-01-24,35.67430114746094,0.0008304755414250131
2025-01-27,35.59360122680664,-0.002262130386821659
2025-01-28,35.75226974487305,0.004457782089970275
2025-01-29,35.702980041503906,-0.0013786454320486863
2025-01-30,35.79267120361328,0.002512147781644769
2025-01-31,35.853031158447266,0.001686377484670487
2025-02-03,35.87181854248047,0.0005240110368960327
2025-02-04,35.9734001159668,0.0028317932464458906
2025-02-05,35.96950149536133,-0.00010837509362193742
2025-02-06,35.910301208496094,-0.0016458467424929069
2025-02-07,35.95558166503906,0.0012609322400296552
2025-02-10,35.89970016479492,-0.0015541815110858836
2025-02-11,35.99263000488281,0.0025885965526537547
2025-02-12,35.99468994140625,5.72321756748817e-05
2025-02-13,36.11600112915039,0.0033702523328196232
2025-02-14,36.1963005065918,0.0022233739874537584
2025-02-17,36.20355987548828,0.0002005555483539645
2025-02-18,36.233280181884766,0.0008209222103765512
2025-02-19,36.29280090332031,0.0016427086130972324
2025-02-20,36.30720138549805,0.00039678618952820877
2025-02-21,36.3856315612793,0.0021601823546932852
2025-02-24,36.446998596191406,0.001686573305969885
2025-02-25,36.454341888427734,0.00020147865446173974
2025-02-26,36.461299896240234,0.00019086911056565015
2025-02-27,36.45940017700195,-5.210234532748714e-05
2025-02-28,36.517799377441406,0.0016017597699342634
2025-03-03,36.50695037841797,-0.00029708797376604146
2025-03-04,36.43709945678711,-0.0019133595358366007
2025-03-05,36.432498931884766,-0.000126259361226011
2025-03-06,36.4114990234375,-0.0005764059304997904
2025-03-07,36.487701416015625,0.0020928111893738777
2025-03-10,36.48583984375,-5.101917066252515e-05
2025-03-11,36.571380615234375,0.002344492324986902
2025-03-12,36.59619903564453,0.0006786295729785952
2025-03-13,36.59230041503906,-0.00010653075205080409
2025-03-14,36.67959976196289,0.0023857299468372783
2025-03-17,36.6391716003418,-0.0011021974580818217
2025-03-18,36.63199996948242,-0.00019573670872263804
2025-03-19,36.69559860229492,0.0017361496196079962
2025-03-20,37.99319839477539,0.035361183409045704
2025-03-21,37.94593811035156,-0.0012439143431085542
2025-03-24,37.976688385009766,0.0008103706533431065
2025-03-25,37.848541259765625,-0.00337436281818404
2025-03-26,37.98720169067383,0.0036635607686048566
2025-03-27,38.022098541259766,0.0009186475716242981
2025-03-28,38.003299713134766,-0.0004944184788906458
2025-03-31,37.975101470947266,-0.0007419945741646838
2025-04-01,37.898590087890625,-0.0020147775803884826
2025-04-02,37.96049880981445,0.001633536281435699
2025-04-03,37.944618225097656,-0.0004183449958431451
2025-04-04,38.005699157714844,0.0016097390216140983
2025-04-07,38.00090026855469,-0.000126267619502074
2025-04-08,38.004798889160156,0.0001025928485356431
2025-04-09,38.007999420166016,8.421386507517781e-05
2025-04-10,37.96289825439453,-0.0011866229862009803
2025-04-11,38.03559875488281,0.0019150408380599337
2025-04-14,37.98509979248047,-0.0013276762836778033
2025-04-15,38.03839874267578,0.001403154144295815
2025-04-16,38.17060089111328,0.0034754919451742694
2025-04-17,38.14339828491211,-0.0007126585792760487
2025-04-22,38.235801696777344,0.0024225269907789393
2025-04-23,38.280399322509766,0.0011663839583146984
2025-04-24,38.285621643066406,0.00013642283385406628
2025-04-25,38.415000915527344,0.0033793175324963176
2025-04-28,38.42399978637695,0.00023425408395527647
2025-04-29,38.44160079956055,0.0004580734249803875
2025-04-30,38.4994010925293,0.001503587045454502
2025-05-01,38.5017204284668,6.0243429032214024e-05
2025-05-02,38.55839920043945,0.001472110112013425
2025-05-05,38.57176971435547,0.00034676008841838524
2025-05-06,38.61050033569336,0.0010041183390006037
2025-05-07,38.63290023803711,0.0005801505328602019
2025-05-08,38.644100189208984,0.00028990707668508087
2025-05-09,38.7244987487793,0.0020804872975865862
2025-05-12,38.74020004272461,0.0004054615153878949
2025-05-13,38.78990173339844,0.0012829487359129477
2025-05-14,38.758480072021484,-0.000810047460107377
2025-05-15,38.7677001953125,0.00023788660633439207
2025-05-16,38.83620071411133,0.0017669482185871388
2025-05-19,38.856300354003906,0.0005175490785140902
2025-05-20,38.846099853515625,-0.00026251857215819907
2025-05-21,38.83530044555664,-0.00027800494772212136
2025-05-22,38.830101013183594,-0.0001338841804593427
2025-05-23,39.033329010009766,0.005233774611020703
2025-05-26,39.00040054321289,-0.0008435987304190595
2025-05-27,38.993900299072266,-0.0001666712149128724
2025-05-28,39.05950164794922,0.0016823489923760704
2025-05-29,39.09429168701172,0.0008906933676744444
2025-05-30,39.20848846435547,0.00292106014499538
2025-06-02,39.254398345947266,0.0011709168955476024
2025-06-03,39.145301818847656,-0.0027792179143377727
2025-06-04,39.14459991455078,-1.793074173050968e-05
2025-06-05,39.264400482177734,0.003060462180951351
2025-06-06,39.282501220703125,0.00046099617727790587
2025-06-09,39.24409866333008,-0.000977599597268175
2025-06-10,39.29912185668945,0.0014020756045747262
2025-06-11,39.19559860229492,-0.0026342383621711374
2025-06-12,39.129539489746094,-0.0016853706769249799
2025-06-13,39.395599365234375,0.00679946349887417
2025-06-16,39.36800003051758,-0.0007005689762688005
2025-06-17,39.38759994506836,0.0004978641164292696
2025-06-18,39.52090072631836,0.0033843336846091088
2025-06-19,39.53409957885742,0.00033397145046021315
2025-06-20,39.663700103759766,0.003278195944334872
2025-06-23,39.72050094604492,0.0014320611071727551
2025-06-24,39.67070007324219,-0.0012537825963067073
2025-06-25,39.6245002746582,-0.0011645823869679273
2025-06-26,39.75859832763672,0.003384220672791205
2025-06-27,39.85430145263672,0.002407105104947238
